floor,total_area,living_area,kitchen_area,year,flat_status,flat_type,metro,metro_minutes,description,price
4,125.5,75.8,22.9,1876,1,4-комн,"Балтийская, Василеостровская, Нарвская",5,"старый фонд требует ремонта, просторная кухня-гостиная, средний этаж, в шаговой доступности от метро, дом сдан, заезжай и живи, четырёхкомнатная квартира премиум класса",24500000
3,41.5,26.4,6.0,1964,1,2-комн,"Московская, Бухарестская, Звездная",6,"старый фонд требует ремонта, небольшая кухня, уютный этаж в тихом доме, рядом с метро, дом сдан, заезжай и живи, двухкомнатная квартира раздельные комнаты",6300000
3,80.39,44.9,10.2,2025,0,3-комн,"Василеостровская, Спортивная, Чкаловская",5,"новостройка с современной отделкой, кухня хорошей площади, средний этаж, в шаговой доступности от метро, строящийся объект, сдача скоро, просторная трёхкомнатная с двумя санузлами",30061520
4,65.1,27.0,19.0,1983,1,2-комн,"Улица Дыбенко, Проспект Большевиков, Ладожская",7,"типовая панельная застройка, просторная кухня-гостиная, средний этаж, рядом с метро, дом сдан, заезжай и живи, просторная двухкомнатная квартира",11500000
10,38.5,16.6,10.5,2015,1,1-комн,"Девяткино, Гражданский проспект, Академическая",6,"дом 2000-х годов в хорошем состоянии, кухня хорошей площади, высокий этаж с видом на город, рядом с метро, дом сдан, заезжай и живи, однокомнатная квартира с хорошим ремонтом",5599000
5,44.0,31.2,5.4,1968,1,2-комн,"Шушары, Дунайская, Обухово",18,"историческое здание сталинской постройки, небольшая кухня, средний этаж, большая жилая площадь, транспортная доступность на машине, дом сдан, заезжай и живи, двухкомнатная квартира раздельные комнаты",4800000
3,32.62,15.1,10.7,2025,0,1-комн,"Купчино, Шушары, Московская",20,"новостройка с современной отделкой, кухня хорошей площади, средний этаж, транспортная доступность на машине, строящийся объект, сдача скоро, однокомнатная с балконом",6650043
12,62.8,30.9,10.5,2014,1,2-комн,"Приморская, Спортивная, Василеостровская",16,"современный монолитный дом, кухня хорошей площади, высокий этаж с видом на город, транспортная доступность на машине, дом сдан, заезжай и живи, просторная двухкомнатная квартира",18526000
2,98.2,55.6,17.6,2024,1,3-комн,"Площадь Ленина, Чернышевская, Новочеркасская",6,"новостройка бизнес-класса, просторная кухня-гостиная, уютный этаж в тихом доме, рядом с метро, дом сдан, заезжай и живи, трёхкомнатная квартира для большой семьи",27800000
1,59.48,28.8,17.7,2025,0,2-комн,"Купчино, Шушары, Московская",20,"новый дом комфорт-класса, просторная кухня-гостиная, первый этаж без балкона, транспортная доступность на машине, строящийся объект, сдача скоро, просторная двухкомнатная квартира",12000446
5,149.8,98.0,15.0,2021,1,3-комн,"Чкаловская, Петроградская, Крестовский остров",10,"новостройка бизнес-класса, просторная кухня-гостиная, уютный этаж в тихом доме, большая жилая площадь, рядом с метро, дом сдан, заезжай и живи, трёшка с хорошей планировкой",82000000
3,253.0,147.0,41.0,2007,1,5-комн,"Крестовский остров, Чкаловская, Горьковская",5,"дом 2000-х годов в хорошем состоянии, просторная кухня-гостиная, средний этаж, в шаговой доступности от метро, дом сдан, заезжай и живи",201765330
4,33.0,14.2,8.4,2017,1,1-комн,"Комендантский проспект, Удельная, Озерки",7,"современный монолитный дом, небольшая кухня, уютный этаж в тихом доме, рядом с метро, дом сдан, заезжай и живи, однокомнатная квартира с хорошим ремонтом",6750000
15,21.2,14.2,2.0,2021,1,Студия,"Девяткино, Гражданский проспект, Академическая",11,"новостройка с современной отделкой, небольшая кухня, высокий этаж с видом на город, большая жилая площадь, транспортная доступность на машине, дом сдан, заезжай и живи, уютная студия для молодой пары",3890000
5,35.7,14.5,9.0,2023,1,1-комн,"Проспект Просвещения, Озерки, Парнас",10,"новостройка с современной отделкой, небольшая кухня, уютный этаж в тихом доме, рядом с метро, дом сдан, заезжай и живи, светлая однушка",5750000
3,119.1,61.7,25.8,2017,1,3-комн,"Крестовский остров, Чкаловская, Василеостровская",6,"улучшенная планировка, просторная кухня-гостиная, уютный этаж в тихом доме, рядом с метро, дом сдан, заезжай и живи, трёхкомнатная квартира для большой семьи",160000000
2,33.2,20.5,5.0,2022,1,Студия,"Кировский завод, Проспект Ветеранов, Ленинский проспект",16,"новостройка бизнес-класса, небольшая кухня, уютный этаж в тихом доме, транспортная доступность на машине, дом сдан, заезжай и живи, компактная студия евроремонт",7870875
17,157.4,50.7,37.3,2021,1,3-комн,"Пионерская, Площадь Мужества, Политехническая",5,"новостройка с современной отделкой, просторная кухня-гостиная, высокий этаж с видом на город, в шаговой доступности от метро, дом сдан, заезжай и живи, трёшка с хорошей планировкой",52995006
4,199.1,120.0,28.5,2008,1,3-комн,"Крестовский остров, Чкаловская, Спортивная",1,"современный монолитный дом, просторная кухня-гостиная, уютный этаж в тихом доме, в шаговой доступности от метро, дом сдан, заезжай и живи, просторная трёхкомнатная с двумя санузлами",134990000
4,82.1,50.5,14.9,1898,1,3-комн,"Чернышевская, Площадь Восстания, Маяковская",7,"старый фонд требует ремонта, кухня хорошей площади, уютный этаж в тихом доме, рядом с метро, дом сдан, заезжай и живи, просторная трёхкомнатная с двумя санузлами",19000000
2,94.95,48.8,14.9,2025,0,3-комн,"Ладожская, Чернышевская, Площадь Восстания",6,"новостройка с современной отделкой, кухня хорошей площади, средний этаж, рядом с метро, строящийся объект, сдача скоро, трёхкомнатная квартира для большой семьи",38929500
11,113.0,52.0,20.0,2012,1,2-комн,"Чкаловская, Крестовский остров, Спортивная",19,"улучшенная планировка, просторная кухня-гостиная, высокий этаж с видом на город, транспортная доступность на машине, дом сдан, заезжай и живи, двухкомнатная квартира раздельные комнаты",65000000
2,94.4,50.4,20.2,2023,1,3-комн,"Крестовский остров, Спортивная, Зенит",6,"новый дом комфорт-класса, просторная кухня-гостиная, средний этаж, рядом с метро, дом сдан, заезжай и живи, трёхкомнатная квартира для большой семьи",34456000
9,59.92,28.0,18.0,2025,0,2-комн,"Московская, Ленинский проспект, Автово",2,"новостройка с современной отделкой, просторная кухня-гостиная, уютный этаж в тихом доме, в шаговой доступности от метро, строящийся объект, сдача скоро, двушка с евроремонтом",18250463
4,55.1,23.2,17.6,2026,0,2-комн,"Проспект Просвещения, Озерки, Удельная",13,"новый дом комфорт-класса, просторная кухня-гостиная, уютный этаж в тихом доме, транспортная доступность на машине, строящийся объект, сдача скоро, двухкомнатная квартира раздельные комнаты",13800401
3,64.0,28.8,22.3,2012,1,3-комн,"Удельная, Пионерская, Комендантский проспект",7,"дом 2000-х годов в хорошем состоянии, просторная кухня-гостиная, уютный этаж в тихом доме, рядом с метро, дом сдан, заезжай и живи, трёхкомнатная квартира для большой семьи",20288000
3,146.0,90.0,14.0,2007,1,4-комн,"Крестовский остров, Чкаловская, Спортивная",2,"улучшенная планировка, кухня хорошей площади, уютный этаж в тихом доме, в шаговой доступности от метро, дом сдан, заезжай и живи, многокомнатная квартира тихий центр",99900000
7,23.4,14.4,4.0,2006,1,Студия,"Электросила, Парк Победы, Московские ворота",4,"улучшенная планировка, небольшая кухня, средний этаж, в шаговой доступности от метро, дом сдан, заезжай и живи, компактная студия евроремонт",6800000
10,76.47,37.8,20.1,2025,0,2-комн,"Комендантский проспект, Озерки, Проспект Просвещения",6,"новостройка бизнес-класса, просторная кухня-гостиная, высокий этаж с видом на город, рядом с метро, строящийся объект, сдача скоро, двухкомнатная квартира раздельные комнаты",18350008
8,81.4,45.0,10.0,2012,1,3-комн,"Ленинский проспект, Проспект Ветеранов, Автово",16,"улучшенная планировка, кухня хорошей площади, средний этаж, транспортная доступность на машине, дом сдан, заезжай и живи, трёхкомнатная квартира для большой семьи",13600000
3,19.73,12.0,4.0,2024,0,Студия,"Звездная, Ленинский проспект, Московская",5,"новый дом комфорт-класса, небольшая кухня, уютный этаж в тихом доме, в шаговой доступности от метро, строящийся объект, сдача скоро, уютная студия для молодой пары",4968000
6,140.0,62.2,36.7,2022,1,3-комн,"Московская, Парк Победы, Ленинский проспект",5,"новостройка бизнес-класса, просторная кухня-гостиная, средний этаж, в шаговой доступности от метро, дом сдан, заезжай и живи, просторная трёхкомнатная с двумя санузлами",79380000
11,39.8,17.0,12.2,2025,0,1-комн,"Московская, Ленинский проспект, Автово",2,"новый дом комфорт-класса, кухня хорошей площади, высокий этаж с видом на город, в шаговой доступности от метро, строящийся объект, сдача скоро, однокомнатная квартира с хорошим ремонтом",11800242
5,85.89,35.1,22.3,2025,0,3-комн,"Черная речка, Лесная, Выборгская",5,"новостройка с современной отделкой, просторная кухня-гостиная, средний этаж, в шаговой доступности от метро, строящийся объект, сдача скоро, трёшка с хорошей планировкой",30735737
1,442.0,115.0,26.3,2003,1,Многокомнатны,"Черная речка, Чкаловская, Крестовский остров",6,"дом 2000-х годов в хорошем состоянии, просторная кухня-гостиная, первый этаж без балкона, рядом с метро, дом сдан, заезжай и живи",290000000
25,44.0,22.6,8.8,2024,0,2-комн,"Парнас, Проспект Просвещения, Озерки",5,"новый дом комфорт-класса, небольшая кухня, высокий этаж с видом на город, в шаговой доступности от метро, строящийся объект, сдача скоро, двухкомнатная квартира раздельные комнаты",10389465
2,203.8,109.0,33.7,2021,1,4-комн,"Крестовский остров, Чкаловская, Василеостровская",4,"новостройка с современной отделкой, просторная кухня-гостиная, уютный этаж в тихом доме, в шаговой доступности от метро, дом сдан, заезжай и живи, четырёхкомнатная квартира премиум класса",78500000
3,150.0,48.0,50.0,2017,1,3-комн,"Чкаловская, Крестовский остров, Спортивная",22,"улучшенная планировка, просторная кухня-гостиная, уютный этаж в тихом доме, транспортная доступность на машине, дом сдан, заезжай и живи, трёшка с хорошей планировкой",96000000
5,91.0,42.0,20.0,2024,1,2-комн,"Василеостровская, Спортивная, Горный институт",8,"новостройка бизнес-класса, просторная кухня-гостиная, уютный этаж в тихом доме, рядом с метро, дом сдан, заезжай и живи, двухкомнатная квартира раздельные комнаты",28200000
11,35.0,15.0,9.7,2015,1,1-комн,"Парнас, Проспект Просвещения",4,"дом 2000-х годов в хорошем состоянии, небольшая кухня, высокий этаж с видом на город, в шаговой доступности от метро, дом сдан, заезжай и живи, однокомнатная квартира с хорошим ремонтом",7777000
4,208.0,83.4,53.8,1952,1,3-комн,"Площадь Восстания, Маяковская, Чернышевская",12,"историческое здание сталинской постройки, просторная кухня-гостиная, уютный этаж в тихом доме, транспортная доступность на машине, дом сдан, заезжай и живи, просторная трёхкомнатная с двумя санузлами",37900000
3,54.75,30.0,7.7,1986,1,2-комн,"Ленинский проспект, Автово, Проспект Ветеранов",8,"панельный дом хрущёвской эпохи, небольшая кухня, уютный этаж в тихом доме, рядом с метро, дом сдан, заезжай и живи, просторная двухкомнатная квартира",7700000
3,137.4,53.0,26.0,2017,1,3-комн,"Крестовский остров, Чкаловская, Василеостровская",6,"дом 2000-х годов в хорошем состоянии, просторная кухня-гостиная, уютный этаж в тихом доме, рядом с метро, дом сдан, заезжай и живи, трёхкомнатная квартира для большой семьи",160000000
14,81.5,51.7,14.5,2010,1,3-комн,"Ленинский проспект, Автово, Проспект Ветеранов",10,"современный монолитный дом, кухня хорошей площади, высокий этаж с видом на город, рядом с метро, дом сдан, заезжай и живи, просторная трёхкомнатная с двумя санузлами",11600000
1,50.82,22.3,17.4,2026,0,2-комн,"Московская, Звездная, Шушары",14,"новый дом комфорт-класса, просторная кухня-гостиная, первый этаж без балкона, транспортная доступность на машине, строящийся объект, сдача скоро, двухкомнатная квартира раздельные комнаты",10150431
4,193.0,147.8,28.5,2009,1,5-комн,"Крестовский остров, Чкаловская, Спортивная",1,"современный монолитный дом, просторная кухня-гостиная, средний этаж, большая жилая площадь, в шаговой доступности от метро, дом сдан, заезжай и живи",135000000
13,350.0,200.0,60.0,2016,1,Многокомнатна,"Черная речка, Лесная, Выборгская",5,"современный монолитный дом, просторная кухня-гостиная, высокий этаж с видом на город, в шаговой доступности от метро, дом сдан, заезжай и живи",112000000
1,106.3,47.7,29.6,2022,1,3-комн,"Крестовский остров, Чкаловская, Спортивная",3,"новостройка бизнес-класса, просторная кухня-гостиная, первый этаж без балкона, в шаговой доступности от метро, дом сдан, заезжай и живи, трёхкомнатная квартира для большой семьи",38268000
5,113.7,70.4,15.0,2004,1,4-комн,"Улица Дыбенко, Проспект Большевиков, Ломоносовская",7,"улучшенная планировка, просторная кухня-гостиная, уютный этаж в тихом доме, рядом с метро, дом сдан, заезжай и живи, многокомнатная квартира тихий центр",22700000
1,42.0,21.0,12.0,2019,1,1-комн,"Крестовский остров, Василеостровская, Спортивная",6,"современный монолитный дом, кухня хорошей площади, первый этаж без балкона, рядом с метро, дом сдан, заезжай и живи, светлая однушка",20990000
3,101.6,51.9,20.9,2023,1,3-комн,"Московские ворота, Фрунзенская, Электросила",8,"новый дом комфорт-класса, просторная кухня-гостиная, уютный этаж в тихом доме, рядом с метро, дом сдан, заезжай и живи, просторная трёхкомнатная с двумя санузлами",21500000
25,87.6,55.0,11.2,2014,1,3-комн,"Проспект Просвещения, Гражданский проспект, Политехническая",6,"дом 2000-х годов в хорошем состоянии, кухня хорошей площади, высокий этаж с видом на город, рядом с метро, дом сдан, заезжай и живи, просторная трёхкомнатная с двумя санузлами",21000000
9,107.3,48.2,26.7,2005,1,3-комн,"Удельная, Озерки, Проспект Просвещения",6,"современный монолитный дом, просторная кухня-гостиная, средний этаж, рядом с метро, дом сдан, заезжай и живи, просторная трёхкомнатная с двумя санузлами",22000000
2,52.9,22.1,14.7,2020,1,1-комн,"Выборгская, Площадь Ленина, Чернышевская",5,"новостройка бизнес-класса, кухня хорошей площади, уютный этаж в тихом доме, в шаговой доступности от метро, дом сдан, заезжай и живи, однокомнатная с балконом",20450000
11,111.7,65.3,12.8,2003,1,4-комн,"Купчино, Дунайская, Звездная",10,"дом 2000-х годов в хорошем состоянии, кухня хорошей площади, высокий этаж с видом на город, рядом с метро, дом сдан, заезжай и живи, четырёхкомнатная квартира премиум класса",21600000
3,59.4,26.7,16.6,2020,1,2-комн,"Приморская, Василеостровская, Спортивная",7,"новый дом комфорт-класса, просторная кухня-гостиная, уютный этаж в тихом доме, рядом с метро, дом сдан, заезжай и живи, двухкомнатная квартира раздельные комнаты",22000000
2,77.8,50.1,10.0,1956,1,3-комн,"Парк Победы, Электросила, Бухарестская",5,"дореволюционный дом с высокими потолками, кухня хорошей площади, средний этаж, в шаговой доступности от метро, дом сдан, заезжай и живи, просторная трёхкомнатная с двумя санузлами",21990000
8,85.0,51.4,28.0,2023,1,4-комн,"Пушкинская, Звенигородская, Технологический институт",5,"новостройка бизнес-класса, просторная кухня-гостиная, уютный этаж в тихом доме, в шаговой доступности от метро, дом сдан, заезжай и живи, многокомнатная квартира тихий центр",22100000
3,95.2,38.0,30.0,1934,1,3-комн,"Лесная, Выборгская, Площадь Ленина",3,"историческое здание сталинской постройки, просторная кухня-гостиная, средний этаж, в шаговой доступности от метро, дом сдан, заезжай и живи, просторная трёхкомнатная с двумя санузлами",22500000
7,78.0,55.8,8.9,1956,1,3-комн,"Чернышевская, Площадь Восстания, Маяковская",5,"дореволюционный дом с высокими потолками, небольшая кухня, средний этаж, большая жилая площадь, в шаговой доступности от метро, дом сдан, заезжай и живи, трёхкомнатная квартира для большой семьи",20800000
4,66.2,29.8,17.0,2023,1,2-комн,"Новочеркасская, Ладожская, Площадь Александра Невского",7,"новый дом комфорт-класса, просторная кухня-гостиная, средний этаж, рядом с метро, дом сдан, заезжай и живи, просторная двухкомнатная квартира",21990000
3,59.3,37.1,6.4,1777,1,3-комн,"Гостиный двор, Чернышевская, Невский проспект",15,"старый фонд требует ремонта, небольшая кухня, средний этаж, транспортная доступность на машине, дом сдан, заезжай и живи, просторная трёхкомнатная с двумя санузлами",20990000
10,83.2,35.1,25.0,2023,1,3-комн,"Лесная, Черная речка, Выборгская",5,"новый дом комфорт-класса, просторная кухня-гостиная, высокий этаж с видом на город, в шаговой доступности от метро, дом сдан, заезжай и живи, трёшка с хорошей планировкой",22690000
4,48.6,32.6,7.2,1937,1,2-комн,"Новочеркасская, Ладожская, Площадь Александра Невского",4,"историческое здание сталинской постройки, небольшая кухня, средний этаж, большая жилая площадь, в шаговой доступности от метро, дом сдан, заезжай и живи, двушка с евроремонтом",21000000
3,116.3,86.4,20.0,1913,1,4-комн,"Василеостровская, Спортивная, Приморская",15,"дореволюционный дом с высокими потолками, просторная кухня-гостиная, средний этаж, большая жилая площадь, транспортная доступность на машине, дом сдан, заезжай и живи, четырёхкомнатная квартира премиум класса",22300000
6,68.0,35.1,11.6,1907,1,3-комн,"Площадь Александра Невского, Площадь Восстания, Маяковская",6,"историческое здание сталинской постройки, кухня хорошей площади, средний этаж, рядом с метро, дом сдан, заезжай и живи, трёхкомнатная квартира для большой семьи",21900000
12,70.2,30.0,22.4,2022,1,2-комн,"Лесная, Выборгская, Петроградская",5,"новостройка бизнес-класса, просторная кухня-гостиная, высокий этаж с видом на город, в шаговой доступности от метро, дом сдан, заезжай и живи, двушка с евроремонтом",22000000
10,59.38,35.3,10.5,2026,0,3-комн,"Политехническая, Площадь Мужества, Академическая",5,"новостройка с современной отделкой, кухня хорошей площади, высокий этаж с видом на город, в шаговой доступности от метро, строящийся объект, сдача скоро, просторная трёхкомнатная с двумя санузлами",21970600
9,60.4,33.7,12.0,2015,1,2-комн,"Фрунзенская, Технологический институт, Балтийская",3,"современный монолитный дом, кухня хорошей площади, средний этаж, в шаговой доступности от метро, дом сдан, заезжай и живи, просторная двухкомнатная квартира",22348000
3,96.0,71.0,8.0,1917,1,3-комн,"Технологический институт, Фрунзенская, Пушкинская",7,"дореволюционный дом с высокими потолками, небольшая кухня, средний этаж, большая жилая площадь, рядом с метро, дом сдан, заезжай и живи, трёшка с хорошей планировкой",21900000
3,48.0,21.9,15.3,2016,1,1-комн,"Площадь Ленина, Новочеркасская, Площадь Александра Невского",5,"улучшенная планировка, просторная кухня-гостиная, уютный этаж в тихом доме, в шаговой доступности от метро, дом сдан, заезжай и живи, однокомнатная квартира с хорошим ремонтом",22800000
3,77.4,55.0,7.0,1891,1,3-комн,"Технологический институт, Фрунзенская, Пушкинская",7,"старый фонд требует ремонта, небольшая кухня, средний этаж, большая жилая площадь, рядом с метро, дом сдан, заезжай и живи, просторная трёхкомнатная с двумя санузлами",22000000
9,75.9,51.7,19.2,2020,1,2-комн,"Горный институт, Василеостровская, Приморская",24,"новый дом комфорт-класса, просторная кухня-гостиная, уютный этаж в тихом доме, большая жилая площадь, транспортная доступность на машине, дом сдан, заезжай и живи, просторная двухкомнатная квартира",18400000
5,42.3,17.3,11.1,2023,1,1-комн,"Крестовский остров, Спортивная, Василеостровская",5,"новостройка бизнес-класса, кухня хорошей площади, уютный этаж в тихом доме, в шаговой доступности от метро, дом сдан, заезжай и живи, светлая однушка",18490000
5,86.6,60.2,10.0,1917,1,Многокомнатна,"Василеостровская, Спортивная",10,"старый фонд требует ремонта, кухня хорошей площади, уютный этаж в тихом доме, большая жилая площадь, рядом с метро, дом сдан, заезжай и живи",19450000
5,92.8,46.0,13.0,2004,1,3-комн,"Международная, Бухарестская, Волковская",7,"современный монолитный дом, кухня хорошей площади, средний этаж, рядом с метро, дом сдан, заезжай и живи, трёхкомнатная квартира для большой семьи",19000000
5,52.64,20.8,18.2,2024,1,2-комн,"Новочеркасская, Площадь Александра Невского, Ладожская",4,"новостройка с современной отделкой, просторная кухня-гостиная, уютный этаж в тихом доме, в шаговой доступности от метро, дом сдан, заезжай и живи, двухкомнатная квартира раздельные комнаты",20500000
4,117.4,73.0,14.3,1904,1,4-комн,"Горьковская, Петроградская, Площадь Ленина",9,"старый фонд требует ремонта, кухня хорошей площади, средний этаж, рядом с метро, дом сдан, заезжай и живи, многокомнатная квартира тихий центр",19990000
3,62.0,27.8,21.3,2023,1,2-комн,"Пионерская, Удельная, Лесная",5,"новостройка с современной отделкой, просторная кухня-гостиная, средний этаж, в шаговой доступности от метро, дом сдан, заезжай и живи, двухкомнатная квартира раздельные комнаты",20500000
2,82.0,45.2,12.6,2009,1,3-комн,"Гражданский проспект, Академическая, Девяткино",6,"улучшенная планировка, кухня хорошей площади, средний этаж, рядом с метро, дом сдан, заезжай и живи, трёхкомнатная квартира для большой семьи",19999000
6,90.4,44.0,21.3,2023,1,3-комн,"Приморская, Василеостровская, Крестовский остров",7,"новостройка с современной отделкой, просторная кухня-гостиная, средний этаж, рядом с метро, дом сдан, заезжай и живи, трёшка с хорошей планировкой",19888000
2,85.0,56.2,5.0,1961,1,3-комн,"Чернышевская, Новочеркасская, Площадь Александра Невского",4,"историческое здание сталинской постройки, небольшая кухня, средний этаж, большая жилая площадь, в шаговой доступности от метро, дом сдан, заезжай и живи, трёшка с хорошей планировкой",20500000
4,79.3,39.8,18.0,1859,1,3-комн,"Чернышевская, Гостиный двор, Невский проспект",15,"старый фонд требует ремонта, просторная кухня-гостиная, уютный этаж в тихом доме, транспортная доступность на машине, дом сдан, заезжай и живи, трёхкомнатная квартира для большой семьи",19700000
9,57.2,28.8,13.6,2023,1,2-комн,"Удельная, Площадь Мужества, Озерки",6,"новостройка бизнес-класса, кухня хорошей площади, средний этаж, рядом с метро, дом сдан, заезжай и живи, просторная двухкомнатная квартира",20330000
4,138.9,95.2,13.5,1911,1,5-комн,"Чкаловская, Петроградская, Спортивная",9,"старый фонд требует ремонта, кухня хорошей площади, уютный этаж в тихом доме, большая жилая площадь, рядом с метро, дом сдан, заезжай и живи",19900000
3,38.0,23.0,8.0,1900,1,1-комн,"Адмиралтейская, Гостиный двор, Спасская",15,"историческое здание сталинской постройки, небольшая кухня, уютный этаж в тихом доме, транспортная доступность на машине, дом сдан, заезжай и живи, светлая однушка",20000000
6,77.4,31.8,27.7,1912,1,3-комн,"Петроградская, Чкаловская, Горьковская",8,"историческое здание сталинской постройки, просторная кухня-гостиная, средний этаж, рядом с метро, дом сдан, заезжай и живи, трёхкомнатная квартира для большой семьи",20599999
2,61.3,32.5,12.2,2017,1,2-комн,"Электросила, Московские ворота, Фрунзенская",5,"улучшенная планировка, кухня хорошей площади, уютный этаж в тихом доме, в шаговой доступности от метро, дом сдан, заезжай и живи, двушка с евроремонтом",19599000
4,80.7,57.7,8.4,1955,1,3-комн,"Горный институт, Приморская, Василеостровская",6,"дореволюционный дом с высокими потолками, небольшая кухня, уютный этаж в тихом доме, большая жилая площадь, рядом с метро, дом сдан, заезжай и живи, трёшка с хорошей планировкой",18970000
8,46.5,19.7,12.7,2015,1,1-комн,"Черная речка, Лесная, Выборгская",5,"улучшенная планировка, кухня хорошей площади, средний этаж, в шаговой доступности от метро, дом сдан, заезжай и живи, однокомнатная с балконом",18200000
9,53.26,25.9,18.4,2025,1,2-комн,"Приморская, Василеостровская, Спортивная",9,"новостройка бизнес-класса, просторная кухня-гостиная, средний этаж, рядом с метро, дом сдан, заезжай и живи, двухкомнатная квартира раздельные комнаты",20100000
9,72.9,50.0,15.0,2021,1,3-комн,"Комендантский проспект, Старая Деревня, Беговая",8,"новый дом комфорт-класса, просторная кухня-гостиная, уютный этаж в тихом доме, большая жилая площадь, рядом с метро, дом сдан, заезжай и живи, трёхкомнатная квартира для большой семьи",18900000
4,50.8,25.4,15.1,1905,1,2-комн,"Горьковская, Петроградская, Чкаловская",8,"историческое здание сталинской постройки, просторная кухня-гостиная, средний этаж, рядом с метро, дом сдан, заезжай и живи, двухкомнатная квартира раздельные комнаты",18380000
17,68.0,25.0,31.0,2009,1,2-комн,"Улица Дыбенко, Проспект Большевиков, Ладожская",6,"улучшенная планировка, просторная кухня-гостиная, высокий этаж с видом на город, рядом с метро, дом сдан, заезжай и живи, двушка с евроремонтом",18990000
12,63.0,31.0,10.4,2014,1,2-комн,"Приморская, Спортивная, Василеостровская",16,"современный монолитный дом, кухня хорошей площади, высокий этаж с видом на город, транспортная доступность на машине, дом сдан, заезжай и живи, двушка с евроремонтом",19799999
5,56.6,35.2,6.0,1961,1,3-комн,"Электросила, Парк Победы, Московские ворота",5,"историческое здание сталинской постройки, небольшая кухня, уютный этаж в тихом доме, в шаговой доступности от метро, дом сдан, заезжай и живи, трёшка с хорошей планировкой",9500000
1,48.3,30.5,6.3,1967,1,2-комн,"Проспект Ветеранов, Ленинский проспект, Автово",5,"историческое здание сталинской постройки, небольшая кухня, первый этаж без балкона, в шаговой доступности от метро, дом сдан, заезжай и живи, двухкомнатная квартира раздельные комнаты",8800000
13,48.0,18.0,20.0,2018,1,1-комн,"Приморская, Василеостровская, Спортивная",8,"дом 2000-х годов в хорошем состоянии, просторная кухня-гостиная, высокий этаж с видом на город, рядом с метро, дом сдан, заезжай и живи, однокомнатная с балконом",9099000
16,33.3,15.0,10.5,2017,1,1-комн,"Комендантский проспект, Старая Деревня, Удельная",7,"современный монолитный дом, кухня хорошей площади, высокий этаж с видом на город, рядом с метро, дом сдан, заезжай и живи, однокомнатная квартира с хорошим ремонтом",9290000
4,43.6,26.4,6.1,1971,1,2-комн,"Гражданский проспект, Девяткино, Академическая",5,"старый фонд требует ремонта, небольшая кухня, средний этаж, в шаговой доступности от метро, дом сдан, заезжай и живи, двухкомнатная квартира раздельные комнаты",9500000
5,41.0,21.0,10.8,2004,1,1-комн,"Звездная, Московская, Купчино",6,"современный монолитный дом, кухня хорошей площади, средний этаж, рядом с метро, дом сдан, заезжай и живи, светлая однушка",8900000
8,34.83,13.2,14.8,2023,1,1-комн,"Лесная, Выборгская, Академическая",5,"новый дом комфорт-класса, кухня хорошей площади, уютный этаж в тихом доме, в шаговой доступности от метро, дом сдан, заезжай и живи, однокомнатная квартира с хорошим ремонтом",9600000
1,77.5,48.0,6.3,1973,1,4-комн,"Проспект Ветеранов, Ленинский проспект, Автово",8,"дореволюционный дом с высокими потолками, небольшая кухня, первый этаж без балкона, рядом с метро, дом сдан, заезжай и живи, четырёхкомнатная квартира премиум класса",9290000
7,31.23,14.1,10.1,2025,1,1-комн,"Ленинский проспект, Звездная, Московская",4,"новостройка с современной отделкой, кухня хорошей площади, уютный этаж в тихом доме, в шаговой доступности от метро, дом сдан, заезжай и живи, однокомнатная квартира с хорошим ремонтом",9000000
4,58.2,41.5,6.9,1917,1,3-комн,"Василеостровская, Горный институт, Спортивная",13,"дореволюционный дом с высокими потолками, небольшая кухня, уютный этаж в тихом доме, большая жилая площадь, транспортная доступность на машине, дом сдан, заезжай и живи, трёшка с хорошей планировкой",9500000
19,50.3,27.2,10.2,2020,1,2-комн,"Парнас, Проспект Просвещения, Озерки",7,"новый дом комфорт-класса, кухня хорошей площади, высокий этаж с видом на город, рядом с метро, дом сдан, заезжай и живи, двушка с евроремонтом",9600000
1,45.6,31.0,9.0,1950,1,2-комн,"Волковская, Бухарестская, Обводный канал",4,"старый фонд требует ремонта, небольшая кухня, первый этаж без балкона, большая жилая площадь, в шаговой доступности от метро, дом сдан, заезжай и живи, просторная двухкомнатная квартира",9490000
19,36.4,16.1,10.8,2012,1,1-комн,"Беговая, Старая Деревня, Комендантский проспект",8,"улучшенная планировка, кухня хорошей площади, высокий этаж с видом на город, рядом с метро, дом сдан, заезжай и живи, однокомнатная с балконом",8800000
3,54.6,41.0,5.5,1963,1,3-комн,"Новочеркасская, Ладожская, Чернышевская",5,"старый фонд требует ремонта, небольшая кухня, уютный этаж в тихом доме, большая жилая площадь, в шаговой доступности от метро, дом сдан, заезжай и живи, трёхкомнатная квартира для большой семьи",8950000
10,39.6,20.0,12.0,2008,1,1-комн,"Гражданский проспект, Девяткино, Академическая",5,"современный монолитный дом, кухня хорошей площади, высокий этаж с видом на город, в шаговой доступности от метро, дом сдан, заезжай и живи, светлая однушка",9200000
7,67.0,40.3,12.0,2018,1,2-комн,"Комендантский проспект, Озерки, Пионерская",6,"современный монолитный дом, кухня хорошей площади, средний этаж, рядом с метро, дом сдан, заезжай и живи, просторная двухкомнатная квартира",9600000
2,54.5,34.0,9.5,1992,1,2-комн,"Звездная, Купчино, Московская",10,"панельный дом хрущёвской эпохи, небольшая кухня, средний этаж, рядом с метро, дом сдан, заезжай и живи, просторная двухкомнатная квартира",9300000
4,49.0,33.0,5.6,1951,1,2-комн,"Ломоносовская, Елизаровская, Пролетарская",4,"дореволюционный дом с высокими потолками, небольшая кухня, средний этаж, большая жилая площадь, в шаговой доступности от метро, дом сдан, заезжай и живи, двухкомнатная квартира раздельные комнаты",9500000
11,39.1,16.1,14.1,2016,1,1-комн,"Приморская, Василеостровская, Спортивная",7,"улучшенная планировка, кухня хорошей площади, высокий этаж с видом на город, рядом с метро, дом сдан, заезжай и живи, светлая однушка",8650000
21,35.29,10.8,15.4,2024,1,1-комн,"Автово, Кировский завод, Ленинский проспект",6,"новостройка бизнес-класса, просторная кухня-гостиная, высокий этаж с видом на город, рядом с метро, дом сдан, заезжай и живи, однокомнатная с балконом",8650000
4,32.5,17.0,10.0,2020,1,1-комн,"Комендантский проспект, Старая Деревня, Удельная",7,"новостройка с современной отделкой, кухня хорошей площади, средний этаж, рядом с метро, дом сдан, заезжай и живи, однокомнатная с балконом",9380000
11,42.3,19.3,9.0,2012,1,1-комн,"Проспект Просвещения, Озерки, Парнас",5,"современный монолитный дом, небольшая кухня, высокий этаж с видом на город, в шаговой доступности от метро, дом сдан, заезжай и живи, однокомнатная квартира с хорошим ремонтом",8700000
5,57.4,39.0,6.2,1980,1,3-комн,"Ладожская, Новочеркасская, Улица Дыбенко",6,"типовая панельная застройка, небольшая кухня, средний этаж, большая жилая площадь, рядом с метро, дом сдан, заезжай и живи, просторная трёхкомнатная с двумя санузлами",8400000
4,31.7,18.0,8.0,1980,1,1-комн,"Московская, Звездная, Ленинский проспект",6,"типовая панельная застройка, небольшая кухня, уютный этаж в тихом доме, рядом с метро, дом сдан, заезжай и живи, однокомнатная квартира с хорошим ремонтом",8199995
1,45.9,30.7,6.4,1967,1,2-комн,"Академическая, Гражданский проспект, Девяткино",6,"старый фонд требует ремонта, небольшая кухня, первый этаж без балкона, большая жилая площадь, рядом с метро, дом сдан, заезжай и живи, двухкомнатная квартира раздельные комнаты",7999999
9,26.0,18.0,5.0,2021,1,Студия,"Приморская, Василеостровская, Крестовский остров",4,"новостройка бизнес-класса, небольшая кухня, средний этаж, большая жилая площадь, в шаговой доступности от метро, дом сдан, заезжай и живи, компактная студия евроремонт",7900000
4,31.8,15.5,10.4,2020,1,1-комн,"Комендантский проспект, Старая Деревня, Пионерская",7,"новостройка с современной отделкой, кухня хорошей площади, уютный этаж в тихом доме, рядом с метро, дом сдан, заезжай и живи, однокомнатная с балконом",7900000
6,50.6,30.6,7.1,1977,1,2-комн,"Улица Дыбенко, Проспект Большевиков, Ломоносовская",8,"старый фонд требует ремонта, небольшая кухня, уютный этаж в тихом доме, рядом с метро, дом сдан, заезжай и живи, двушка с евроремонтом",8250000
6,68.8,32.4,14.8,2017,1,2-комн,"Звездная, Купчино, Шушары",9,"современный монолитный дом, кухня хорошей площади, уютный этаж в тихом доме, рядом с метро, дом сдан, заезжай и живи, двухкомнатная квартира раздельные комнаты",7825000
2,37.42,14.9,17.5,2025,0,1-комн,"Ладожская, Новочеркасская, Площадь Александра Невского",4,"новый дом комфорт-класса, просторная кухня-гостиная, уютный этаж в тихом доме, в шаговой доступности от метро, строящийся объект, сдача скоро, однокомнатная квартира с хорошим ремонтом",8291523
8,45.8,28.2,8.4,1969,1,2-комн,"Международная, Проспект Славы, Бухарестская",6,"старый фонд требует ремонта, небольшая кухня, уютный этаж в тихом доме, рядом с метро, дом сдан, заезжай и живи, двушка с евроремонтом",7900000
4,59.1,45.5,6.2,1966,1,3-комн,"Академическая, Гражданский проспект, Девяткино",6,"дореволюционный дом с высокими потолками, небольшая кухня, средний этаж, большая жилая площадь, рядом с метро, дом сдан, заезжай и живи, трёхкомнатная квартира для большой семьи",8600000
4,45.0,29.0,6.0,1962,1,2-комн,"Московская, Звездная, Ленинский проспект",5,"дореволюционный дом с высокими потолками, небольшая кухня, средний этаж, в шаговой доступности от метро, дом сдан, заезжай и живи, двухкомнатная квартира раздельные комнаты",7800000
1,34.8,21.2,7.0,1978,1,2-комн,"Удельная, Площадь Мужества, Озерки",6,"старый фонд требует ремонта, небольшая кухня, первый этаж без балкона, рядом с метро, дом сдан, заезжай и живи, двухкомнатная квартира раздельные комнаты",7990000
2,33.6,19.2,6.2,1880,1,2-комн,"Балтийская, Фрунзенская, Технологический институт",9,"старый фонд требует ремонта, небольшая кухня, уютный этаж в тихом доме, рядом с метро, дом сдан, заезжай и живи, двухкомнатная квартира раздельные комнаты",8350000
9,51.14,33.0,6.7,1974,1,2-комн,"Улица Дыбенко, Проспект Большевиков, Новочеркасская",9,"дореволюционный дом с высокими потолками, небольшая кухня, средний этаж, рядом с метро, дом сдан, заезжай и живи, двухкомнатная квартира раздельные комнаты",8500000
12,61.2,42.0,7.0,1986,1,3-комн,"Ладожская, Улица Дыбенко, Новочеркасская",9,"кирпичный дом советской постройки, небольшая кухня, высокий этаж с видом на город, большая жилая площадь, рядом с метро, дом сдан, заезжай и живи, трёшка с хорошей планировкой",8500000
2,52.2,31.7,5.7,1958,1,2-комн,"Елизаровская, Ломоносовская, Пролетарская",7,"историческое здание сталинской постройки, небольшая кухня, уютный этаж в тихом доме, рядом с метро, дом сдан, заезжай и живи, просторная двухкомнатная квартира",7899999
2,21.9,13.9,3.0,2022,1,Студия,"Лесная, Выборгская, Петроградская",6,"новостройка бизнес-класса, небольшая кухня, уютный этаж в тихом доме, рядом с метро, дом сдан, заезжай и живи, компактная студия евроремонт",7900000
7,51.9,28.7,7.0,1988,1,2-комн,"Проспект Славы, Международная, Ломоносовская",5,"панельный дом хрущёвской эпохи, небольшая кухня, средний этаж, в шаговой доступности от метро, дом сдан, заезжай и живи, просторная двухкомнатная квартира",8700000
6,45.5,28.0,7.0,1979,1,2-комн,"Проспект Просвещения, Парнас, Озерки",4,"старый фонд требует ремонта, небольшая кухня, уютный этаж в тихом доме, в шаговой доступности от метро, дом сдан, заезжай и живи, просторная двухкомнатная квартира",7850000
12,34.0,10.3,16.6,2020,1,1-комн,"Парнас, Озерки, Проспект Просвещения",9,"новостройка с современной отделкой, просторная кухня-гостиная, высокий этаж с видом на город, рядом с метро, дом сдан, заезжай и живи, однокомнатная квартира с хорошим ремонтом",8000000
1,51.3,28.2,7.9,1994,1,2-комн,"Проспект Большевиков, Улица Дыбенко, Новочеркасская",4,"кирпичный дом советской постройки, небольшая кухня, первый этаж без балкона, в шаговой доступности от метро, дом сдан, заезжай и живи, двухкомнатная квартира раздельные комнаты",8000000
4,59.4,32.3,8.7,1917,1,2-комн,"Московские ворота, Электросила, Фрунзенская",6,"историческое здание сталинской постройки, небольшая кухня, средний этаж, рядом с метро, дом сдан, заезжай и живи, двушка с евроремонтом",8550000
2,42.4,23.4,14.0,2010,1,1-комн,"Комендантский проспект, Удельная, Озерки",5,"дом 2000-х годов в хорошем состоянии, кухня хорошей площади, средний этаж, в шаговой доступности от метро, дом сдан, заезжай и живи, однокомнатная с балконом",7900000
6,56.3,23.3,18.7,2027,0,2-комн,"Елизаровская, Ломоносовская, Площадь Александра Невского",5,"новый дом комфорт-класса, просторная кухня-гостиная, средний этаж, в шаговой доступности от метро, строящийся объект, сдача скоро, просторная двухкомнатная квартира",18213129
3,30.0,17.5,5.7,1963,1,1-комн,"Черная речка, Пионерская, Выборгская",7,"старый фонд требует ремонта, небольшая кухня, уютный этаж в тихом доме, рядом с метро, дом сдан, заезжай и живи, однокомнатная с балконом",6690000
5,31.1,15.7,8.2,1974,1,1-комн,"Пионерская, Комендантский проспект, Старая Деревня",7,"дореволюционный дом с высокими потолками, небольшая кухня, уютный этаж в тихом доме, рядом с метро, дом сдан, заезжай и живи, однокомнатная квартира с хорошим ремонтом",5800000
3,48.71,21.1,15.4,2026,0,2-комн,"Беговая, Комендантский проспект, Старая Деревня",11,"новостройка с современной отделкой, просторная кухня-гостиная, уютный этаж в тихом доме, транспортная доступность на машине, строящийся объект, сдача скоро, двушка с евроремонтом",9352384
2,52.4,25.0,13.5,2026,0,2-комн,Беговая,20,"новостройка с современной отделкой, кухня хорошей площади, средний этаж, транспортная доступность на машине, строящийся объект, сдача скоро, двушка с евроремонтом",14585364
2,32.84,15.9,9.6,2025,0,1-комн,"Беговая, Комендантский проспект, Старая Деревня",11,"новостройка с современной отделкой, небольшая кухня, уютный этаж в тихом доме, транспортная доступность на машине, строящийся объект, сдача скоро, однокомнатная квартира с хорошим ремонтом",6898296
6,48.31,12.0,24.2,2025,0,1-комн,"Черная речка, Лесная, Выборгская",5,"новостройка бизнес-класса, просторная кухня-гостиная, уютный этаж в тихом доме, в шаговой доступности от метро, строящийся объект, сдача скоро, однокомнатная с балконом",18639447
12,27.6,20.5,5.0,2023,1,Студия,"Парнас, Проспект Просвещения, Озерки",10,"новостройка бизнес-класса, небольшая кухня, высокий этаж с видом на город, большая жилая площадь, рядом с метро, дом сдан, заезжай и живи, уютная студия для молодой пары",5950000
7,313.0,163.0,33.0,2006,1,5-комн,"Чернышевская, Площадь Ленина, Владимирская",5,"современный монолитный дом, просторная кухня-гостиная, средний этаж, в шаговой доступности от метро, дом сдан, заезжай и живи",175000000
3,180.0,107.4,30.3,2010,1,Многокомнатна,"Чкаловская, Петроградская, Крестовский остров",14,"улучшенная планировка, просторная кухня-гостиная, средний этаж, транспортная доступность на машине, дом сдан, заезжай и живи",63000000
3,224.9,102.0,54.9,1999,1,5-комн,"Крестовский остров, Чкаловская, Спортивная",5,"кирпичный дом советской постройки, просторная кухня-гостиная, средний этаж, в шаговой доступности от метро, дом сдан, заезжай и живи",91750000
2,30.5,17.2,5.6,1965,1,1-комн,"Академическая, Политехническая, Гражданский проспект",5,"дореволюционный дом с высокими потолками, небольшая кухня, средний этаж, в шаговой доступности от метро, дом сдан, заезжай и живи, однокомнатная квартира с хорошим ремонтом",5200000
13,23.84,15.8,5.0,2023,1,Студия,"Приморская, Василеостровская, Спортивная",9,"новый дом комфорт-класса, небольшая кухня, высокий этаж с видом на город, большая жилая площадь, рядом с метро, дом сдан, заезжай и живи, уютная студия для молодой пары",5990000
2,78.8,39.1,19.0,2024,1,2-комн,"Василеостровская, Спортивная, Горный институт",8,"новостройка с современной отделкой, просторная кухня-гостиная, уютный этаж в тихом доме, рядом с метро, дом сдан, заезжай и живи, двухкомнатная квартира раздельные комнаты",28368000
14,28.0,20.0,8.0,2013,1,Студия,"Ломоносовская, Обухово, Пролетарская",8,"улучшенная планировка, небольшая кухня, высокий этаж с видом на город, большая жилая площадь, рядом с метро, дом сдан, заезжай и живи, студия с открытой планировкой",4499999
4,33.8,8.0,14.3,2027,0,1-комн,"Приморская, Горный институт, Василеостровская",5,"новостройка бизнес-класса, кухня хорошей площади, средний этаж, в шаговой доступности от метро, строящийся объект, сдача скоро, светлая однушка",11058481
1,442.0,115.0,26.3,2003,1,Многокомнатны,"Черная речка, Чкаловская, Крестовский остров",6,"улучшенная планировка, просторная кухня-гостиная, первый этаж без балкона, рядом с метро, дом сдан, заезжай и живи",290000000
7,37.1,12.4,14.1,2027,0,1-комн,"Елизаровская, Ломоносовская, Площадь Александра Невского",5,"новый дом комфорт-класса, кухня хорошей площади, средний этаж, в шаговой доступности от метро, строящийся объект, сдача скоро, однокомнатная квартира с хорошим ремонтом",13477306
9,85.1,43.3,15.4,2015,1,3-комн,"Фрунзенская, Балтийская, Технологический институт",6,"современный монолитный дом, просторная кухня-гостиная, средний этаж, рядом с метро, дом сдан, заезжай и живи, трёшка с хорошей планировкой",28083000
5,177.8,116.2,19.1,1882,1,Многокомнатна,"Гостиный двор, Невский проспект, Спасская",7,"историческое здание сталинской постройки, просторная кухня-гостиная, средний этаж, большая жилая площадь, рядом с метро, дом сдан, заезжай и живи",31900000
2,115.0,65.2,15.0,2003,1,3-комн,"Удельная, Озерки, Проспект Просвещения",5,"улучшенная планировка, просторная кухня-гостиная, уютный этаж в тихом доме, в шаговой доступности от метро, дом сдан, заезжай и живи, трёшка с хорошей планировкой",33000000
4,86.6,40.6,19.8,1875,1,3-комн,"Достоевская, Владимирская, Маяковская",3,"старый фонд требует ремонта, просторная кухня-гостиная, средний этаж, в шаговой доступности от метро, дом сдан, заезжай и живи, трёшка с хорошей планировкой",32500000
5,65.0,39.5,11.0,2014,1,3-комн,"Фрунзенская, Московские ворота, Технологический институт",8,"современный монолитный дом, кухня хорошей площади, средний этаж, рядом с метро, дом сдан, заезжай и живи, трёшка с хорошей планировкой",30000000
2,108.0,35.5,44.0,2015,1,3-комн,"Удельная, Пионерская, Комендантский проспект",6,"современный монолитный дом, просторная кухня-гостиная, уютный этаж в тихом доме, рядом с метро, дом сдан, заезжай и живи, трёхкомнатная квартира для большой семьи",33500000
5,104.0,67.0,17.0,1908,1,2-комн,"Обводный канал, Лиговский проспект, Звенигородская",4,"историческое здание сталинской постройки, просторная кухня-гостиная, уютный этаж в тихом доме, в шаговой доступности от метро, дом сдан, заезжай и живи, двушка с евроремонтом",34000000
2,72.0,41.0,6.0,1853,1,3-комн,"Площадь Восстания, Маяковская, Площадь Александра Невского",11,"дореволюционный дом с высокими потолками, небольшая кухня, средний этаж, транспортная доступность на машине, дом сдан, заезжай и живи, трёхкомнатная квартира для большой семьи",32500000
3,99.1,44.6,26.0,2021,1,3-комн,"Удельная, Озерки, Пионерская",7,"новостройка с современной отделкой, просторная кухня-гостиная, средний этаж, рядом с метро, дом сдан, заезжай и живи, трёшка с хорошей планировкой",34200000
3,84.5,48.8,14.5,1850,1,3-комн,"Чернышевская, Маяковская, Площадь Восстания",10,"дореволюционный дом с высокими потолками, кухня хорошей площади, уютный этаж в тихом доме, рядом с метро, дом сдан, заезжай и живи, трёхкомнатная квартира для большой семьи",34990000
9,100.2,55.4,18.7,2018,1,3-комн,"Спортивная, Василеостровская, Приморская",16,"дом 2000-х годов в хорошем состоянии, просторная кухня-гостиная, уютный этаж в тихом доме, транспортная доступность на машине, дом сдан, заезжай и живи, просторная трёхкомнатная с двумя санузлами",33090000
8,93.1,47.6,20.0,2013,1,2-комн,"Чкаловская, Спортивная, Петроградская",6,"улучшенная планировка, просторная кухня-гостиная, уютный этаж в тихом доме, рядом с метро, дом сдан, заезжай и живи, просторная двухкомнатная квартира",32550000
17,141.1,73.0,22.7,2001,1,4-комн,"Комендантский проспект, Старая Деревня, Пионерская",6,"улучшенная планировка, просторная кухня-гостиная, высокий этаж с видом на город, рядом с метро, дом сдан, заезжай и живи, большая четырёхкомнатная дизайнерский ремонт",29900000
2,98.0,37.0,34.5,1815,1,4-комн,"Спасская, Сенная площадь, Садовая",6,"историческое здание сталинской постройки, просторная кухня-гостиная, средний этаж, рядом с метро, дом сдан, заезжай и живи, большая четырёхкомнатная дизайнерский ремонт",32900000
2,57.79,25.2,15.8,2026,1,2-комн,"Спортивная, Чкаловская, Василеостровская",4,"новостройка с современной отделкой, просторная кухня-гостиная, уютный этаж в тихом доме, в шаговой доступности от метро, дом сдан, заезжай и живи, двухкомнатная квартира раздельные комнаты",31500000
3,97.4,71.6,9.1,1954,1,4-комн,"Электросила, Парк Победы, Бухарестская",4,"историческое здание сталинской постройки, небольшая кухня, уютный этаж в тихом доме, большая жилая площадь, в шаговой доступности от метро, дом сдан, заезжай и живи, большая четырёхкомнатная дизайнерский ремонт",29990000
4,86.38,40.1,13.0,2023,1,2-комн,"Приморская, Василеостровская, Спортивная",7,"новостройка бизнес-класса, кухня хорошей площади, уютный этаж в тихом доме, рядом с метро, дом сдан, заезжай и живи, двушка с евроремонтом",30310000
2,100.1,41.4,33.0,1913,1,3-комн,"Василеостровская, Спортивная, Горный институт",8,"старый фонд требует ремонта, просторная кухня-гостиная, средний этаж, рядом с метро, дом сдан, заезжай и живи, трёшка с хорошей планировкой",32940000
3,234.0,170.0,10.0,1957,1,4-комн,"Купчино, Звездная, Шушары",18,"старый фонд требует ремонта, кухня хорошей площади, средний этаж, большая жилая площадь, транспортная доступность на машине, дом сдан, заезжай и живи, большая четырёхкомнатная дизайнерский ремонт",31963000
2,74.2,18.0,25.0,2021,1,1-комн,"Петроградская, Выборгская, Горьковская",14,"новостройка с современной отделкой, просторная кухня-гостиная, уютный этаж в тихом доме, транспортная доступность на машине, дом сдан, заезжай и живи, однокомнатная квартира с хорошим ремонтом",34900000
4,126.8,52.3,14.9,2009,1,3-комн,"Озерки, Проспект Просвещения, Удельная",5,"улучшенная планировка, кухня хорошей площади, средний этаж, в шаговой доступности от метро, дом сдан, заезжай и живи, трёшка с хорошей планировкой",34000000
3,85.3,49.0,12.0,1852,1,3-комн,"Чернышевская, Маяковская, Площадь Восстания",6,"дореволюционный дом с высокими потолками, кухня хорошей площади, средний этаж, рядом с метро, дом сдан, заезжай и живи, просторная трёхкомнатная с двумя санузлами",30500000
11,122.2,42.1,21.0,2005,1,3-комн,"Удельная, Озерки, Проспект Просвещения",5,"дом 2000-х годов в хорошем состоянии, просторная кухня-гостиная, высокий этаж с видом на город, в шаговой доступности от метро, дом сдан, заезжай и живи, просторная трёхкомнатная с двумя санузлами",31000000
16,100.6,47.5,24.7,2017,1,3-комн,"Московские ворота, Электросила, Фрунзенская",4,"дом 2000-х годов в хорошем состоянии, просторная кухня-гостиная, высокий этаж с видом на город, в шаговой доступности от метро, дом сдан, заезжай и живи, просторная трёхкомнатная с двумя санузлами",34000000
4,78.6,42.4,14.3,2021,1,2-комн,"Крестовский остров, Спортивная, Чкаловская",21,"новостройка с современной отделкой, кухня хорошей площади, уютный этаж в тихом доме, транспортная доступность на машине, дом сдан, заезжай и живи, просторная двухкомнатная квартира",32000000
5,70.7,30.4,20.7,2024,1,2-комн,"Петроградская, Чкаловская, Горьковская",5,"новый дом комфорт-класса, просторная кухня-гостиная, уютный этаж в тихом доме, в шаговой доступности от метро, дом сдан, заезжай и живи, двушка с евроремонтом",30966000
4,92.0,40.8,23.7,2020,1,2-комн,"Площадь Александра Невского, Площадь Восстания, Чернышевская",4,"новый дом комфорт-класса, просторная кухня-гостиная, уютный этаж в тихом доме, в шаговой доступности от метро, дом сдан, заезжай и живи, просторная двухкомнатная квартира",37500000
2,84.5,33.3,38.5,1798,1,3-комн,"Гостиный двор, Невский проспект, Маяковская",8,"историческое здание сталинской постройки, просторная кухня-гостиная, средний этаж, рядом с метро, дом сдан, заезжай и живи, трёшка с хорошей планировкой",36400000
2,93.4,38.6,22.1,2017,1,2-комн,"Выборгская, Новочеркасская, Площадь Ленина",7,"улучшенная планировка, просторная кухня-гостиная, уютный этаж в тихом доме, рядом с метро, дом сдан, заезжай и живи, просторная двухкомнатная квартира",35000000
3,99.9,45.9,25.3,2021,1,3-комн,"Удельная, Озерки, Проспект Просвещения",7,"новостройка бизнес-класса, просторная кухня-гостиная, средний этаж, рядом с метро, дом сдан, заезжай и живи, просторная трёхкомнатная с двумя санузлами",36600000
8,115.4,66.4,15.6,2004,1,3-комн,"Чкаловская, Спортивная, Петроградская",3,"улучшенная планировка, просторная кухня-гостиная, уютный этаж в тихом доме, в шаговой доступности от метро, дом сдан, заезжай и живи, трёшка с хорошей планировкой",35900000
6,76.0,36.0,25.0,2020,1,3-комн,"Петроградская, Выборгская, Горьковская",4,"новостройка бизнес-класса, просторная кухня-гостиная, средний этаж, в шаговой доступности от метро, дом сдан, заезжай и живи, трёшка с хорошей планировкой",37490000
5,95.0,45.4,24.0,2024,1,3-комн,"Крестовский остров, Спортивная, Василеостровская",5,"новый дом комфорт-класса, просторная кухня-гостиная, средний этаж, в шаговой доступности от метро, дом сдан, заезжай и живи, трёшка с хорошей планировкой",36250000
2,127.0,73.6,14.9,2007,1,3-комн,"Беговая, Черная речка, Комендантский проспект",8,"улучшенная планировка, кухня хорошей площади, уютный этаж в тихом доме, рядом с метро, дом сдан, заезжай и живи, трёшка с хорошей планировкой",37000000
8,158.1,99.0,18.0,2010,1,4-комн,"Приморская, Василеостровская, Спортивная",9,"дом 2000-х годов в хорошем состоянии, просторная кухня-гостиная, уютный этаж в тихом доме, рядом с метро, дом сдан, заезжай и живи, многокомнатная квартира тихий центр",37500000
4,90.1,53.6,20.0,1861,1,3-комн,"Чернышевская, Площадь Ленина, Гостиный двор",12,"историческое здание сталинской постройки, просторная кухня-гостиная, уютный этаж в тихом доме, транспортная доступность на машине, дом сдан, заезжай и живи, просторная трёхкомнатная с двумя санузлами",35000000
6,80.0,30.0,28.0,2017,1,2-комн,Беговая,25,"современный монолитный дом, просторная кухня-гостиная, средний этаж, транспортная доступность на машине, дом сдан, заезжай и живи, двушка с евроремонтом",37000000
2,80.3,31.5,26.6,2010,1,3-комн,"Чкаловская, Петроградская, Крестовский остров",14,"улучшенная планировка, просторная кухня-гостиная, уютный этаж в тихом доме, транспортная доступность на машине, дом сдан, заезжай и живи, трёхкомнатная квартира для большой семьи",35000000
3,122.1,88.5,12.0,1830,1,3-комн,"Чернышевская, Гостиный двор, Невский проспект",17,"историческое здание сталинской постройки, кухня хорошей площади, уютный этаж в тихом доме, большая жилая площадь, транспортная доступность на машине, дом сдан, заезжай и живи, трёхкомнатная квартира для большой семьи",35800000
8,70.0,36.9,16.3,2018,1,2-комн,"Чкаловская, Спортивная, Крестовский остров",20,"современный монолитный дом, просторная кухня-гостиная, средний этаж, транспортная доступность на машине, дом сдан, заезжай и живи, двухкомнатная квартира раздельные комнаты",36900000
4,155.5,110.0,15.0,1793,1,Многокомнатна,"Садовая, Спасская, Сенная площадь",11,"историческое здание сталинской постройки, просторная кухня-гостиная, средний этаж, большая жилая площадь, транспортная доступность на машине, дом сдан, заезжай и живи",35200000
4,154.8,112.6,11.7,1916,1,5-комн,"Чернышевская, Площадь Восстания, Маяковская",5,"дореволюционный дом с высокими потолками, кухня хорошей площади, средний этаж, большая жилая площадь, в шаговой доступности от метро, дом сдан, заезжай и живи",35900000
4,183.5,100.7,50.2,1902,1,4-комн,"Горьковская, Петроградская, Чкаловская",4,"дореволюционный дом с высокими потолками, просторная кухня-гостиная, уютный этаж в тихом доме, в шаговой доступности от метро, дом сдан, заезжай и живи, многокомнатная квартира тихий центр",38800000
6,116.7,63.6,20.0,1880,1,3-комн,"Маяковская, Площадь Восстания, Владимирская",6,"старый фонд требует ремонта, просторная кухня-гостиная, средний этаж, рядом с метро, дом сдан, заезжай и живи, просторная трёхкомнатная с двумя санузлами",38000000
12,89.9,40.8,22.1,2025,1,3-комн,"Приморская, Василеостровская, Спортивная",4,"новостройка бизнес-класса, просторная кухня-гостиная, высокий этаж с видом на город, в шаговой доступности от метро, дом сдан, заезжай и живи, трёшка с хорошей планировкой",37000000
2,92.9,41.0,17.5,1885,1,2-комн,"Достоевская, Владимирская, Звенигородская",4,"дореволюционный дом с высокими потолками, просторная кухня-гостиная, уютный этаж в тихом доме, в шаговой доступности от метро, дом сдан, заезжай и живи, двухкомнатная квартира раздельные комнаты",39000000
5,145.0,76.8,15.6,2006,1,3-комн,"Площадь Восстания, Площадь Александра Невского",4,"современный монолитный дом, просторная кухня-гостиная, средний этаж, в шаговой доступности от метро, дом сдан, заезжай и живи, трёхкомнатная квартира для большой семьи",40000000
4,25.06,11.7,5.0,2025,0,1-комн,"Беговая, Зенит, Крестовский остров",17,"новый дом комфорт-класса, небольшая кухня, средний этаж, транспортная доступность на машине, строящийся объект, сдача скоро, однокомнатная квартира с хорошим ремонтом",7621000
2,76.2,47.0,11.0,1962,1,3-комн,"Гостиный двор, Невский проспект, Адмиралтейская",6,"старый фонд требует ремонта, кухня хорошей площади, уютный этаж в тихом доме, рядом с метро, дом сдан, заезжай и живи, трёхкомнатная квартира для большой семьи",22860000
2,126.7,54.0,21.2,2021,1,3-комн,"Крестовский остров, Чкаловская, Василеостровская",4,"новостройка бизнес-класса, просторная кухня-гостиная, средний этаж, в шаговой доступности от метро, дом сдан, заезжай и живи, трёхкомнатная квартира для большой семьи",35900000
2,33.19,10.3,15.5,2026,0,1-комн,"Проспект Ветеранов, Автово, Ленинский проспект",15,"новый дом комфорт-класса, просторная кухня-гостиная, средний этаж, транспортная доступность на машине, строящийся объект, сдача скоро, светлая однушка",7850131
2,107.2,63.7,25.6,2005,1,3-комн,"Адмиралтейская, Гостиный двор, Невский проспект",4,"улучшенная планировка, просторная кухня-гостиная, уютный этаж в тихом доме, в шаговой доступности от метро, дом сдан, заезжай и живи, трёшка с хорошей планировкой",80000000
7,217.1,90.1,36.3,2023,1,Многокомнатна,"Спортивная, Петроградская, Горьковская",5,"новостройка бизнес-класса, просторная кухня-гостиная, уютный этаж в тихом доме, в шаговой доступности от метро, дом сдан, заезжай и живи",173680000
5,54.4,29.8,9.9,2014,1,2-комн,"Проспект Ветеранов, Ленинский проспект, Автово",12,"улучшенная планировка, небольшая кухня, уютный этаж в тихом доме, транспортная доступность на машине, дом сдан, заезжай и живи, двухкомнатная квартира раздельные комнаты",12299000
3,95.6,42.1,22.6,2027,0,3-комн,"Елизаровская, Ломоносовская, Площадь Александра Невского",5,"новостройка бизнес-класса, просторная кухня-гостиная, уютный этаж в тихом доме, в шаговой доступности от метро, строящийся объект, сдача скоро, трёшка с хорошей планировкой",26286941
13,24.75,15.9,3.0,2023,1,Апартаменты-студия,"Ломоносовская, Елизаровская, Пролетарская",5,"новый дом комфорт-класса, небольшая кухня, высокий этаж с видом на город, в шаговой доступности от метро, дом сдан, заезжай и живи, студия с открытой планировкой",4600000
2,110.4,38.0,46.8,2016,1,2-комн,"Крестовский остров, Зенит, Василеостровская",5,"улучшенная планировка, просторная кухня-гостиная, уютный этаж в тихом доме, в шаговой доступности от метро, дом сдан, заезжай и живи, просторная двухкомнатная квартира",222000000
20,31.3,13.8,7.8,2024,1,1-комн,"Проспект Просвещения, Гражданский проспект, Парнас",5,"новый дом комфорт-класса, небольшая кухня, высокий этаж с видом на город, в шаговой доступности от метро, дом сдан, заезжай и живи, однокомнатная с балконом",7400000
2,88.3,48.9,14.5,2012,1,2-комн,"Василеостровская, Спортивная",4,"современный монолитный дом, кухня хорошей площади, уютный этаж в тихом доме, в шаговой доступности от метро, дом сдан, заезжай и живи, двушка с евроремонтом",25607000
14,124.3,53.9,20.0,2019,1,4-комн,"Новочеркасская, Ладожская, Площадь Александра Невского",3,"современный монолитный дом, просторная кухня-гостиная, высокий этаж с видом на город, в шаговой доступности от метро, дом сдан, заезжай и живи, многокомнатная квартира тихий центр",51050134
14,36.0,18.1,8.0,1988,1,1-комн,"Проспект Большевиков, Улица Дыбенко, Новочеркасская",8,"кирпичный дом советской постройки, небольшая кухня, высокий этаж с видом на город, рядом с метро, дом сдан, заезжай и живи, однокомнатная квартира с хорошим ремонтом",6900000
4,237.9,194.8,14.0,1770,1,Многокомнатна,"Адмиралтейская, Гостиный двор, Невский проспект",4,"дореволюционный дом с высокими потолками, кухня хорошей площади, уютный этаж в тихом доме, большая жилая площадь, в шаговой доступности от метро, дом сдан, заезжай и живи",83610000
1,30.0,17.0,8.0,2020,1,1-комн,"Проспект Ветеранов, Ленинский проспект, Автово",11,"новый дом комфорт-класса, небольшая кухня, первый этаж без балкона, транспортная доступность на машине, дом сдан, заезжай и живи, однокомнатная с балконом",8250000
3,102.8,48.6,23.1,2027,0,3-комн,"Чкаловская, Петроградская, Черная речка",3,"новостройка с современной отделкой, просторная кухня-гостиная, средний этаж, в шаговой доступности от метро, строящийся объект, сдача скоро, трёхкомнатная квартира для большой семьи",60645446
4,54.9,29.6,17.2,2023,1,3-комн,"Беговая, Комендантский проспект, Старая Деревня",11,"новостройка с современной отделкой, просторная кухня-гостиная, уютный этаж в тихом доме, транспортная доступность на машине, дом сдан, заезжай и живи, просторная трёхкомнатная с двумя санузлами",10557270
5,97.1,47.7,26.9,2023,1,3-комн,"Удельная, Академическая, Озерки",5,"новостройка с современной отделкой, просторная кухня-гостиная, средний этаж, в шаговой доступности от метро, дом сдан, заезжай и живи, трёхкомнатная квартира для большой семьи",35829900
2,170.3,85.0,20.0,2013,1,3-комн,"Крестовский остров, Чкаловская, Спортивная",4,"дом 2000-х годов в хорошем состоянии, просторная кухня-гостиная, уютный этаж в тихом доме, в шаговой доступности от метро, дом сдан, заезжай и живи, трёшка с хорошей планировкой",185000000
16,31.6,14.1,10.1,2026,0,1-комн,"Проспект Большевиков, Ломоносовская, Новочеркасская",6,"новостройка бизнес-класса, кухня хорошей площади, высокий этаж с видом на город, рядом с метро, строящийся объект, сдача скоро, светлая однушка",9550073
2,30.8,15.6,8.4,1966,1,1-комн,"Проспект Славы, Международная, Бухарестская",6,"дореволюционный дом с высокими потолками, небольшая кухня, средний этаж, рядом с метро, дом сдан, заезжай и живи, однокомнатная квартира с хорошим ремонтом",5750000
24,201.8,117.8,25.1,2011,1,5-комн,"Звездная, Купчино, Московская",6,"дом 2000-х годов в хорошем состоянии, просторная кухня-гостиная, высокий этаж с видом на город, рядом с метро, дом сдан, заезжай и живи",85000000
11,35.0,15.0,9.7,2015,1,1-комн,"Парнас, Проспект Просвещения",4,"дом 2000-х годов в хорошем состоянии, небольшая кухня, высокий этаж с видом на город, в шаговой доступности от метро, дом сдан, заезжай и живи, однокомнатная с балконом",7777000
6,82.45,25.1,27.7,2025,0,2-комн,"Василеостровская, Адмиралтейская, Спортивная",5,"новостройка бизнес-класса, просторная кухня-гостиная, средний этаж, в шаговой доступности от метро, строящийся объект, сдача скоро, просторная двухкомнатная квартира",39576000
2,126.7,54.0,21.2,2021,1,3-комн,"Крестовский остров, Чкаловская, Василеостровская",4,"новый дом комфорт-класса, просторная кухня-гостиная, уютный этаж в тихом доме, в шаговой доступности от метро, дом сдан, заезжай и живи, трёхкомнатная квартира для большой семьи",35900000
4,74.4,33.4,21.3,2025,0,3-комн,"Приморская, Горный институт, Василеостровская",5,"новый дом комфорт-класса, просторная кухня-гостиная, уютный этаж в тихом доме, в шаговой доступности от метро, строящийся объект, сдача скоро, трёшка с хорошей планировкой",23248511
8,33.34,14.4,10.6,2024,0,1-комн,"Звездная, Купчино, Московская",4,"новый дом комфорт-класса, кухня хорошей площади, средний этаж, в шаговой доступности от метро, строящийся объект, сдача скоро, светлая однушка",9705161
7,59.0,29.6,15.4,2026,0,2-комн,"Василеостровская, Горный институт, Спортивная",4,"новостройка с современной отделкой, просторная кухня-гостиная, уютный этаж в тихом доме, в шаговой доступности от метро, строящийся объект, сдача скоро, двушка с евроремонтом",31329000
3,94.6,40.4,33.3,2024,0,3-комн,"Новочеркасская, Площадь Александра Невского, Ладожская",5,"новый дом комфорт-класса, просторная кухня-гостиная, средний этаж, в шаговой доступности от метро, строящийся объект, сдача скоро, трёшка с хорошей планировкой",38643463
6,62.2,31.0,13.2,2016,1,2-комн,"Ленинский проспект, Проспект Ветеранов, Автово",15,"дом 2000-х годов в хорошем состоянии, кухня хорошей площади, уютный этаж в тихом доме, транспортная доступность на машине, дом сдан, заезжай и живи, просторная двухкомнатная квартира",9500000
1,45.8,18.1,10.9,2003,1,1-комн,"Проспект Большевиков, Ладожская, Улица Дыбенко",5,"современный монолитный дом, кухня хорошей площади, первый этаж без балкона, в шаговой доступности от метро, дом сдан, заезжай и живи, светлая однушка",8300000
20,51.32,21.0,16.5,2024,0,2-комн,"Академическая, Гражданский проспект, Девяткино",6,"новостройка с современной отделкой, просторная кухня-гостиная, высокий этаж с видом на город, рядом с метро, строящийся объект, сдача скоро, просторная двухкомнатная квартира",10002268
20,78.4,40.0,30.0,2016,1,3-комн,"Комендантский проспект, Озерки, Удельная",5,"улучшенная планировка, просторная кухня-гостиная, высокий этаж с видом на город, в шаговой доступности от метро, дом сдан, заезжай и живи, трёхкомнатная квартира для большой семьи",21000000
16,27.3,17.3,5.0,2012,1,Студия,"Ленинский проспект, Автово, Проспект Ветеранов",5,"дом 2000-х годов в хорошем состоянии, небольшая кухня, высокий этаж с видом на город, в шаговой доступности от метро, дом сдан, заезжай и живи, компактная студия евроремонт",6800000
3,45.8,30.0,7.0,1963,1,2-комн,"Ломоносовская, Пролетарская, Улица Дыбенко",4,"старый фонд требует ремонта, небольшая кухня, средний этаж, большая жилая площадь, в шаговой доступности от метро, дом сдан, заезжай и живи, двухкомнатная квартира раздельные комнаты",6300000
5,85.89,35.1,22.3,2025,0,3-комн,"Черная речка, Лесная, Выборгская",5,"новостройка бизнес-класса, просторная кухня-гостиная, уютный этаж в тихом доме, в шаговой доступности от метро, строящийся объект, сдача скоро, трёхкомнатная квартира для большой семьи",30735737
6,153.5,88.5,20.4,2006,1,4-комн,"Чкаловская, Крестовский остров, Петроградская",14,"дом 2000-х годов в хорошем состоянии, просторная кухня-гостиная, средний этаж, транспортная доступность на машине, дом сдан, заезжай и живи, четырёхкомнатная квартира премиум класса",106500000
3,121.0,41.5,47.0,2022,1,3-комн,"Крестовский остров, Спортивная, Чкаловская",5,"новый дом комфорт-класса, просторная кухня-гостиная, уютный этаж в тихом доме, в шаговой доступности от метро, дом сдан, заезжай и живи, трёшка с хорошей планировкой",87000000
2,88.3,48.9,14.5,2012,1,2-комн,"Василеостровская, Спортивная",4,"современный монолитный дом, кухня хорошей площади, уютный этаж в тихом доме, в шаговой доступности от метро, дом сдан, заезжай и живи, двушка с евроремонтом",25607000
2,57.9,27.6,10.8,2024,0,2-комн,"Звездная, Купчино, Московская",4,"новый дом комфорт-класса, кухня хорошей площади, уютный этаж в тихом доме, в шаговой доступности от метро, строящийся объект, сдача скоро, двушка с евроремонтом",16275370
3,42.61,12.9,18.5,2026,0,1-комн,"Василеостровская, Горный институт, Спортивная",4,"новый дом комфорт-класса, просторная кухня-гостиная, уютный этаж в тихом доме, в шаговой доступности от метро, строящийся объект, сдача скоро, однокомнатная квартира с хорошим ремонтом",21283695
11,113.0,52.0,20.0,2018,1,2-комн,"Чкаловская, Крестовский остров, Спортивная",16,"дом 2000-х годов в хорошем состоянии, просторная кухня-гостиная, высокий этаж с видом на город, транспортная доступность на машине, дом сдан, заезжай и живи, двухкомнатная квартира раздельные комнаты",65000000
2,33.2,10.2,16.3,2026,0,1-комн,"Ломоносовская, Елизаровская, Улица Дыбенко",6,"новостройка бизнес-класса, просторная кухня-гостиная, средний этаж, рядом с метро, строящийся объект, сдача скоро, светлая однушка",6261520
2,107.2,63.7,25.6,2005,1,3-комн,"Адмиралтейская, Гостиный двор, Невский проспект",4,"современный монолитный дом, просторная кухня-гостиная, средний этаж, в шаговой доступности от метро, дом сдан, заезжай и живи, просторная трёхкомнатная с двумя санузлами",80000000
2,78.91,32.8,20.4,2026,0,3-комн,"Площадь Ленина, Лесная, Выборгская",6,"новостройка с современной отделкой, просторная кухня-гостиная, средний этаж, рядом с метро, строящийся объект, сдача скоро, трёхкомнатная квартира для большой семьи",28139306
9,147.6,97.6,13.8,2017,1,4-комн,"Чкаловская, Крестовский остров, Спортивная",22,"современный монолитный дом, кухня хорошей площади, средний этаж, большая жилая площадь, транспортная доступность на машине, дом сдан, заезжай и живи, многокомнатная квартира тихий центр",82500000
4,70.0,37.8,14.4,2021,1,2-комн,"Крестовский остров, Василеостровская, Спортивная",5,"новостройка с современной отделкой, кухня хорошей площади, средний этаж, в шаговой доступности от метро, дом сдан, заезжай и живи, двухкомнатная квартира раздельные комнаты",32000000
4,20.6,9.1,6.1,2027,0,Студия,"Приморская, Горный институт, Василеостровская",5,"новый дом комфорт-класса, небольшая кухня, средний этаж, в шаговой доступности от метро, строящийся объект, сдача скоро, компактная студия евроремонт",8073181
1,32.7,10.0,15.3,2025,0,1-комн,"Купчино, Шушары, Московская",20,"новостройка с современной отделкой, просторная кухня-гостиная, первый этаж без балкона, транспортная доступность на машине, строящийся объект, сдача скоро, светлая однушка",6600200
12,38.4,19.9,10.2,1987,1,1-комн,"Комендантский проспект, Пионерская, Удельная",6,"панельный дом хрущёвской эпохи, кухня хорошей площади, высокий этаж с видом на город, рядом с метро, дом сдан, заезжай и живи, светлая однушка",6600000
14,36.5,13.2,16.4,2026,0,1-комн,"Ломоносовская, Елизаровская, Улица Дыбенко",6,"новый дом комфорт-класса, просторная кухня-гостиная, высокий этаж с видом на город, рядом с метро, строящийся объект, сдача скоро, однокомнатная квартира с хорошим ремонтом",6613800
3,44.06,13.2,17.0,2026,0,1-комн,"Рыбацкое, Обухово, Пролетарская",17,"новостройка бизнес-класса, просторная кухня-гостиная, средний этаж, транспортная доступность на машине, строящийся объект, сдача скоро, однокомнатная квартира с хорошим ремонтом",6599300
4,36.0,13.0,16.3,2026,0,1-комн,"Ломоносовская, Елизаровская, Улица Дыбенко",6,"новый дом комфорт-класса, просторная кухня-гостиная, средний этаж, рядом с метро, строящийся объект, сдача скоро, однокомнатная с балконом",6523200
24,35.0,11.1,16.9,2026,0,1-комн,"Ломоносовская, Елизаровская, Улица Дыбенко",6,"новостройка с современной отделкой, просторная кухня-гостиная, высокий этаж с видом на город, рядом с метро, строящийся объект, сдача скоро, светлая однушка",6538000
6,44.0,18.7,13.7,2019,1,1-комн,"Проспект Просвещения, Озерки, Парнас",13,"улучшенная планировка, кухня хорошей площади, уютный этаж в тихом доме, транспортная доступность на машине, дом сдан, заезжай и живи, светлая однушка",6700000
1,36.56,12.1,12.1,2025,0,1-комн,"Звездная, Шушары, Проспект Ветеранов",14,"новостройка бизнес-класса, кухня хорошей площади, первый этаж без балкона, транспортная доступность на машине, строящийся объект, сдача скоро, однокомнатная квартира с хорошим ремонтом",6612612
5,32.8,12.5,13.8,2022,1,1-комн,"Комендантский проспект, Старая Деревня, Беговая",7,"новостройка с современной отделкой, кухня хорошей площади, средний этаж, рядом с метро, дом сдан, заезжай и живи, однокомнатная квартира с хорошим ремонтом",6590000
9,46.0,28.4,7.1,1985,1,2-комн,"Шушары, Рыбацкое, Дунайская",22,"панельный дом хрущёвской эпохи, небольшая кухня, уютный этаж в тихом доме, транспортная доступность на машине, дом сдан, заезжай и живи, просторная двухкомнатная квартира",6550000
1,32.02,10.0,15.3,2025,0,1-комн,"Московская, Звездная, Шушары",14,"новостройка бизнес-класса, просторная кухня-гостиная, первый этаж без балкона, транспортная доступность на машине, строящийся объект, сдача скоро, однокомнатная квартира с хорошим ремонтом",6500100
4,47.9,27.9,9.2,2021,1,2-комн,"Шушары, Купчино, Дунайская",16,"новостройка бизнес-класса, небольшая кухня, средний этаж, транспортная доступность на машине, дом сдан, заезжай и живи, двушка с евроремонтом",6501500
3,25.78,14.4,5.3,2025,0,Студия,"Автово, Кировский завод, Ленинский проспект",6,"новостройка бизнес-класса, небольшая кухня, уютный этаж в тихом доме, рядом с метро, строящийся объект, сдача скоро, компактная студия евроремонт",6550698
4,31.82,17.9,5.6,1969,1,1-комн,"Шушары, Дунайская, Обухово",20,"дореволюционный дом с высокими потолками, небольшая кухня, средний этаж, транспортная доступность на машине, дом сдан, заезжай и живи, однокомнатная с балконом",6600000
11,37.3,24.1,7.2,2023,1,2-комн,"Гражданский проспект, Девяткино, Академическая",12,"новостройка бизнес-класса, небольшая кухня, высокий этаж с видом на город, транспортная доступность на машине, дом сдан, заезжай и живи, двушка с евроремонтом",6500000
8,36.0,21.0,7.0,2024,0,Студия,"Парнас, Проспект Просвещения, Озерки",22,"новостройка с современной отделкой, небольшая кухня, уютный этаж в тихом доме, транспортная доступность на машине, строящийся объект, сдача скоро, уютная студия для молодой пары",6621676
6,41.0,21.0,10.0,1994,1,1-комн,"Звездная, Купчино, Дунайская",6,"типовая панельная застройка, кухня хорошей площади, уютный этаж в тихом доме, рядом с метро, дом сдан, заезжай и живи, светлая однушка",6690000
2,44.57,13.2,17.0,2026,0,1-комн,"Рыбацкое, Обухово, Пролетарская",17,"новостройка бизнес-класса, просторная кухня-гостиная, уютный этаж в тихом доме, транспортная доступность на машине, строящийся объект, сдача скоро, однокомнатная с балконом",6633780
4,43.8,26.5,7.2,1961,1,2-комн,"Пролетарская, Ломоносовская, Обухово",4,"историческое здание сталинской постройки, небольшая кухня, уютный этаж в тихом доме, в шаговой доступности от метро, дом сдан, заезжай и живи, двухкомнатная квартира раздельные комнаты",6600000
22,33.24,11.4,15.6,2024,0,1-комн,"Академическая, Гражданский проспект, Девяткино",6,"новостройка бизнес-класса, просторная кухня-гостиная, высокий этаж с видом на город, рядом с метро, строящийся объект, сдача скоро, однокомнатная с балконом",6644676
3,31.0,20.0,6.3,1959,1,1-комн,"Удельная, Озерки, Проспект Просвещения",3,"старый фонд требует ремонта, небольшая кухня, уютный этаж в тихом доме, в шаговой доступности от метро, дом сдан, заезжай и живи, однокомнатная с балконом",6600000
4,47.79,14.6,19.7,2026,0,1-комн,"Рыбацкое, Обухово, Пролетарская",18,"новостройка бизнес-класса, просторная кухня-гостиная, уютный этаж в тихом доме, транспортная доступность на машине, строящийся объект, сдача скоро, светлая однушка",6749907
5,30.6,17.9,6.0,1963,1,1-комн,"Приморская, Василеостровская, Петроградская",7,"дореволюционный дом с высокими потолками, небольшая кухня, уютный этаж в тихом доме, рядом с метро, дом сдан, заезжай и живи, светлая однушка",6600000
7,32.6,17.4,7.7,1977,1,1-комн,"Озерки, Проспект Просвещения, Политехническая",7,"историческое здание сталинской постройки, небольшая кухня, средний этаж, рядом с метро, дом сдан, заезжай и живи, светлая однушка",6300000
2,37.03,10.0,15.0,2025,0,1-комн,"Купчино, Звездная, Дунайская",3,"новый дом комфорт-класса, просторная кухня-гостиная, средний этаж, в шаговой доступности от метро, строящийся объект, сдача скоро, светлая однушка",6437177
4,26.9,16.9,5.0,2023,1,Студия,"Комендантский проспект, Удельная, Озерки",7,"новостройка бизнес-класса, небольшая кухня, уютный этаж в тихом доме, рядом с метро, дом сдан, заезжай и живи, уютная студия для молодой пары",5847130
23,26.8,17.5,1.0,2015,1,Студия,"Звездная, Купчино, Московская",6,"современный монолитный дом, небольшая кухня, высокий этаж с видом на город, большая жилая площадь, рядом с метро, дом сдан, заезжай и живи, уютная студия для молодой пары",6400000
4,36.0,13.0,16.3,2026,0,1-комн,"Ломоносовская, Елизаровская, Улица Дыбенко",6,"новый дом комфорт-класса, просторная кухня-гостиная, средний этаж, рядом с метро, строящийся объект, сдача скоро, светлая однушка",6523200
6,32.9,10.4,16.5,2025,0,1-комн,"Ломоносовская, Елизаровская, Улица Дыбенко",6,"новостройка с современной отделкой, просторная кухня-гостиная, уютный этаж в тихом доме, рядом с метро, строящийся объект, сдача скоро, светлая однушка",6471430
3,31.0,16.0,8.2,1969,1,1-комн,"Ладожская, Площадь Ленина, Новочеркасская",6,"дореволюционный дом с высокими потолками, небольшая кухня, уютный этаж в тихом доме, рядом с метро, дом сдан, заезжай и живи, однокомнатная с балконом",6400000
1,54.16,20.8,17.9,2026,0,2-комн,"Рыбацкое, Обухово, Пролетарская",19,"новостройка бизнес-класса, просторная кухня-гостиная, первый этаж без балкона, транспортная доступность на машине, строящийся объект, сдача скоро, двушка с евроремонтом",6394834
14,35.5,14.5,12.7,2026,0,1-комн,"Елизаровская, Улица Дыбенко, Ломоносовская",7,"новостройка бизнес-класса, кухня хорошей площади, высокий этаж с видом на город, рядом с метро, строящийся объект, сдача скоро, однокомнатная квартира с хорошим ремонтом",6375356
1,35.6,18.0,8.0,1996,1,1-комн,"Звездная, Московская, Купчино",11,"панельный дом хрущёвской эпохи, небольшая кухня, первый этаж без балкона, транспортная доступность на машине, дом сдан, заезжай и живи, однокомнатная квартира с хорошим ремонтом",6500000
12,45.7,18.3,12.4,2010,1,1-комн,"Купчино, Звездная, Шушары",8,"современный монолитный дом, кухня хорошей площади, высокий этаж с видом на город, рядом с метро, дом сдан, заезжай и живи, однокомнатная квартира с хорошим ремонтом",6300000
1,35.64,12.1,13.1,2025,0,1-комн,"Звездная, Шушары, Проспект Ветеранов",14,"новостройка бизнес-класса, кухня хорошей площади, первый этаж без балкона, транспортная доступность на машине, строящийся объект, сдача скоро, светлая однушка",6478720
1,35.23,12.1,12.6,2025,0,1-комн,"Звездная, Шушары, Проспект Ветеранов",14,"новый дом комфорт-класса, кухня хорошей площади, первый этаж без балкона, транспортная доступность на машине, строящийся объект, сдача скоро, однокомнатная с балконом",6364050
24,35.0,11.1,16.9,2026,0,1-комн,"Ломоносовская, Елизаровская, Улица Дыбенко",6,"новостройка с современной отделкой, просторная кухня-гостиная, высокий этаж с видом на город, рядом с метро, строящийся объект, сдача скоро, однокомнатная с балконом",6538000
8,21.0,8.2,4.6,2024,1,Студия,"Парнас, Проспект Просвещения, Озерки",5,"новый дом комфорт-класса, небольшая кухня, уютный этаж в тихом доме, в шаговой доступности от метро, дом сдан, заезжай и живи, уютная студия для молодой пары",6419700
24,32.27,11.3,15.0,2024,0,1-комн,"Академическая, Гражданский проспект, Девяткино",6,"новостройка с современной отделкой, просторная кухня-гостиная, высокий этаж с видом на город, рядом с метро, строящийся объект, сдача скоро, однокомнатная квартира с хорошим ремонтом",6399141
4,47.9,27.9,9.2,2021,1,2-комн,"Шушары, Купчино, Дунайская",16,"новый дом комфорт-класса, небольшая кухня, средний этаж, транспортная доступность на машине, дом сдан, заезжай и живи, двушка с евроремонтом",6501500
2,27.8,14.4,5.0,2023,1,Студия,"Комендантский проспект, Удельная, Озерки",7,"новостройка бизнес-класса, небольшая кухня, средний этаж, рядом с метро, дом сдан, заезжай и живи, уютная студия для молодой пары",5803846
5,37.05,11.6,12.1,2026,0,1-комн,"Проспект Ветеранов, Ленинский проспект, Автово",24,"новостройка бизнес-класса, кухня хорошей площади, уютный этаж в тихом доме, транспортная доступность на машине, строящийся объект, сдача скоро, светлая однушка",6335550
11,37.3,24.1,7.2,2023,1,2-комн,"Гражданский проспект, Девяткино, Академическая",12,"новостройка бизнес-класса, небольшая кухня, высокий этаж с видом на город, транспортная доступность на машине, дом сдан, заезжай и живи, просторная двухкомнатная квартира",6500000
2,38.5,9.0,16.0,2021,1,1-комн,"Парнас, Проспект Просвещения, Озерки",6,"новый дом комфорт-класса, просторная кухня-гостиная, уютный этаж в тихом доме, рядом с метро, дом сдан, заезжай и живи, однокомнатная с балконом",6500000
1,56.68,21.9,18.4,2026,0,2-комн,"Рыбацкое, Обухово, Пролетарская",19,"новостройка бизнес-класса, просторная кухня-гостиная, первый этаж без балкона, транспортная доступность на машине, строящийся объект, сдача скоро, двушка с евроремонтом",6325520
20,32.27,11.3,15.0,2024,0,1-комн,"Академическая, Гражданский проспект, Девяткино",6,"новый дом комфорт-класса, просторная кухня-гостиная, высокий этаж с видом на город, рядом с метро, строящийся объект, сдача скоро, однокомнатная с балконом",6337828
8,50.0,30.0,9.4,1975,1,2-комн,"Шушары, Дунайская, Обухово",19,"дореволюционный дом с высокими потолками, небольшая кухня, уютный этаж в тихом доме, транспортная доступность на машине, дом сдан, заезжай и живи, двушка с евроремонтом",6500000
4,45.22,13.8,18.5,2026,0,1-комн,"Рыбацкое, Обухово, Пролетарская",18,"новый дом комфорт-класса, просторная кухня-гостиная, средний этаж, транспортная доступность на машине, строящийся объект, сдача скоро, однокомнатная квартира с хорошим ремонтом",6334101
4,42.0,29.0,6.0,1962,1,3-комн,"Московская, Ленинский проспект, Звездная",4,"старый фонд требует ремонта, небольшая кухня, средний этаж, большая жилая площадь, в шаговой доступности от метро, дом сдан, заезжай и живи, трёшка с хорошей планировкой",6350000
3,125.0,12.0,16.0,2004,1,3-комн,"Черная речка, Чкаловская, Крестовский остров",6,"современный монолитный дом, просторная кухня-гостиная, средний этаж, рядом с метро, дом сдан, заезжай и живи, трёхкомнатная квартира для большой семьи",160000000
7,162.6,59.8,38.4,2017,1,3-комн,"Чкаловская, Крестовский остров, Горьковская",5,"современный монолитный дом, просторная кухня-гостиная, уютный этаж в тихом доме, в шаговой доступности от метро, дом сдан, заезжай и живи, трёшка с хорошей планировкой",145000000
2,59.2,22.3,21.3,2026,0,2-комн,"Выборгская, Площадь Ленина, Лесная",6,"новостройка бизнес-класса, просторная кухня-гостиная, уютный этаж в тихом доме, рядом с метро, строящийся объект, сдача скоро, двухкомнатная квартира раздельные комнаты",21803360
6,24.0,13.0,3.0,2019,1,Студия,"Комендантский проспект, Озерки, Пионерская",6,"современный монолитный дом, небольшая кухня, уютный этаж в тихом доме, рядом с метро, дом сдан, заезжай и живи, студия с открытой планировкой",6000000
2,71.06,23.0,23.9,2025,0,2-комн,"Черная речка, Лесная, Выборгская",5,"новый дом комфорт-класса, просторная кухня-гостиная, средний этаж, в шаговой доступности от метро, строящийся объект, сдача скоро, двушка с евроремонтом",25389738
9,79.72,46.2,13.9,2022,1,3-комн,"Лесная, Черная речка, Пионерская",5,"новостройка с современной отделкой, кухня хорошей площади, средний этаж, в шаговой доступности от метро, дом сдан, заезжай и живи, трёшка с хорошей планировкой",20700000
5,24.7,14.0,4.0,2019,1,Студия,"Шушары, Звездная, Купчино",14,"современный монолитный дом, небольшая кухня, средний этаж, транспортная доступность на машине, дом сдан, заезжай и живи, компактная студия евроремонт",3600000
2,110.4,38.0,46.8,2016,1,2-комн,"Крестовский остров, Зенит, Василеостровская",5,"дом 2000-х годов в хорошем состоянии, просторная кухня-гостиная, средний этаж, в шаговой доступности от метро, дом сдан, заезжай и живи, просторная двухкомнатная квартира",222000000
2,34.8,19.8,6.7,2025,0,1-комн,"Балтийская, Фрунзенская, Технологический институт",4,"новый дом комфорт-класса, небольшая кухня, средний этаж, в шаговой доступности от метро, строящийся объект, сдача скоро, однокомнатная квартира с хорошим ремонтом",14538465
3,81.6,34.0,25.0,2020,1,2-комн,"Крестовский остров, Чкаловская, Спортивная",6,"новостройка бизнес-класса, просторная кухня-гостиная, уютный этаж в тихом доме, рядом с метро, дом сдан, заезжай и живи, двушка с евроремонтом",62000000
4,153.7,60.6,48.9,2018,1,3-комн,"Чкаловская, Крестовский остров, Спортивная",19,"дом 2000-х годов в хорошем состоянии, просторная кухня-гостиная, уютный этаж в тихом доме, транспортная доступность на машине, дом сдан, заезжай и живи, трёшка с хорошей планировкой",72900000
11,38.2,10.0,17.0,2023,1,1-комн,"Приморская, Василеостровская, Крестовский остров",9,"новостройка с современной отделкой, просторная кухня-гостиная, высокий этаж с видом на город, рядом с метро, дом сдан, заезжай и живи, однокомнатная квартира с хорошим ремонтом",13580000
4,34.0,14.6,9.2,1917,1,1-комн,"Чернышевская, Площадь Ленина, Гостиный двор",5,"историческое здание сталинской постройки, небольшая кухня, уютный этаж в тихом доме, в шаговой доступности от метро, дом сдан, заезжай и живи, светлая однушка",15000000
2,206.0,119.1,43.1,1720,1,5-комн,"Василеостровская, Адмиралтейская, Спасская",5,"историческое здание сталинской постройки, просторная кухня-гостиная, средний этаж, в шаговой доступности от метро, дом сдан, заезжай и живи",92700000
6,27.2,15.2,3.7,2024,0,1-комн,"Новочеркасская, Площадь Александра Невского, Ладожская",5,"новостройка с современной отделкой, небольшая кухня, средний этаж, в шаговой доступности от метро, строящийся объект, сдача скоро, однокомнатная с балконом",11518561
2,45.4,14.2,18.2,2027,0,1-комн,"Чкаловская, Петроградская, Черная речка",3,"новый дом комфорт-класса, просторная кухня-гостиная, средний этаж, в шаговой доступности от метро, строящийся объект, сдача скоро, однокомнатная квартира с хорошим ремонтом",30444270
5,39.66,21.8,5.6,2024,0,1-комн,"Василеостровская, Спортивная, Горный институт",8,"новостройка с современной отделкой, небольшая кухня, уютный этаж в тихом доме, рядом с метро, строящийся объект, сдача скоро, однокомнатная с балконом",19863618
2,51.68,11.6,17.5,2026,0,1-комн,"Выборгская, Лесная, Площадь Ленина",6,"новостройка бизнес-класса, просторная кухня-гостиная, средний этаж, рядом с метро, строящийся объект, сдача скоро, однокомнатная с балконом",20299904
4,60.0,32.0,11.0,1917,1,2-комн,"Московские ворота, Электросила, Фрунзенская",4,"дореволюционный дом с высокими потолками, кухня хорошей площади, уютный этаж в тихом доме, в шаговой доступности от метро, дом сдан, заезжай и живи, двушка с евроремонтом",12450000
5,61.93,26.3,17.3,2024,0,2-комн,"Василеостровская, Спортивная, Горный институт",8,"новый дом комфорт-класса, просторная кухня-гостиная, уютный этаж в тихом доме, рядом с метро, строящийся объект, сдача скоро, двушка с евроремонтом",34244928
7,31.7,16.7,7.0,1978,1,1-комн,"Проспект Просвещения, Озерки, Политехническая",5,"старый фонд требует ремонта, небольшая кухня, средний этаж, в шаговой доступности от метро, дом сдан, заезжай и живи, однокомнатная с балконом",5500000
2,54.1,18.9,17.7,2027,0,2-комн,"Приморская, Горный институт, Василеостровская",5,"новостройка бизнес-класса, просторная кухня-гостиная, средний этаж, в шаговой доступности от метро, строящийся объект, сдача скоро, двухкомнатная квартира раздельные комнаты",16809573
8,46.7,14.6,20.0,2012,1,1-комн,"Удельная, Пионерская, Озерки",6,"улучшенная планировка, просторная кухня-гостиная, средний этаж, рядом с метро, дом сдан, заезжай и живи, светлая однушка",15480000
6,35.0,19.6,6.0,1973,1,1-комн,"Ленинский проспект, Проспект Ветеранов, Автово",9,"старый фонд требует ремонта, небольшая кухня, средний этаж, рядом с метро, дом сдан, заезжай и живи, однокомнатная квартира с хорошим ремонтом",4800000
2,76.5,30.8,25.5,2024,0,2-комн,"Новочеркасская, Площадь Александра Невского, Ладожская",5,"новостройка с современной отделкой, просторная кухня-гостиная, средний этаж, в шаговой доступности от метро, строящийся объект, сдача скоро, просторная двухкомнатная квартира",23441933
2,93.8,25.8,36.3,2020,1,1-комн,"Чернышевская, Площадь Ленина, Выборгская",5,"новостройка с современной отделкой, просторная кухня-гостиная, средний этаж, в шаговой доступности от метро, дом сдан, заезжай и живи, однокомнатная квартира с хорошим ремонтом",79730000
3,94.1,52.7,12.3,1917,1,3-комн,"Василеостровская, Спортивная",3,"дореволюционный дом с высокими потолками, кухня хорошей площади, уютный этаж в тихом доме, в шаговой доступности от метро, дом сдан, заезжай и живи, просторная трёхкомнатная с двумя санузлами",17000000
2,25.73,15.7,5.0,2027,0,1-комн,"Чкаловская, Спортивная, Петроградская",4,"новостройка бизнес-класса, небольшая кухня, уютный этаж в тихом доме, в шаговой доступности от метро, строящийся объект, сдача скоро, светлая однушка",15571000
7,53.6,27.6,7.7,2025,0,2-комн,"Балтийская, Фрунзенская, Технологический институт",4,"новостройка с современной отделкой, небольшая кухня, средний этаж, в шаговой доступности от метро, строящийся объект, сдача скоро, двушка с евроремонтом",18950601
1,91.0,56.0,25.0,1905,1,4-комн,"Чернышевская, Площадь Восстания, Маяковская",6,"старый фонд требует ремонта, просторная кухня-гостиная, первый этаж без балкона, рядом с метро, дом сдан, заезжай и живи, большая четырёхкомнатная дизайнерский ремонт",40800000
5,55.0,34.1,8.1,1958,1,2-комн,"Елизаровская, Ломоносовская, Площадь Александра Невского",5,"старый фонд требует ремонта, небольшая кухня, уютный этаж в тихом доме, в шаговой доступности от метро, дом сдан, заезжай и живи, двухкомнатная квартира раздельные комнаты",10990000
5,212.3,142.0,20.3,2008,1,4-комн,"Петроградская, Черная речка, Чкаловская",14,"улучшенная планировка, просторная кухня-гостиная, средний этаж, большая жилая площадь, транспортная доступность на машине, дом сдан, заезжай и живи, большая четырёхкомнатная дизайнерский ремонт",101990000
3,45.8,30.0,7.0,1963,1,2-комн,"Ломоносовская, Пролетарская, Улица Дыбенко",4,"старый фонд требует ремонта, небольшая кухня, средний этаж, большая жилая площадь, в шаговой доступности от метро, дом сдан, заезжай и живи, двушка с евроремонтом",6300000
4,141.0,71.5,20.0,2018,1,3-комн,"Чернышевская, Маяковская, Владимирская",12,"современный монолитный дом, просторная кухня-гостиная, средний этаж, транспортная доступность на машине, дом сдан, заезжай и живи, просторная трёхкомнатная с двумя санузлами",79900000
1,18.2,11.7,1.5,1974,1,Студия,"Пионерская, Комендантский проспект, Старая Деревня",7,"историческое здание сталинской постройки, небольшая кухня, первый этаж без балкона, рядом с метро, дом сдан, заезжай и живи, уютная студия для молодой пары",3499000
4,61.5,35.1,18.6,2014,1,1-комн,"Спортивная, Чкаловская, Василеостровская",6,"современный монолитный дом, просторная кухня-гостиная, средний этаж, рядом с метро, дом сдан, заезжай и живи, однокомнатная квартира с хорошим ремонтом",18800000
11,36.3,18.1,10.8,2000,1,1-комн,"Комендантский проспект, Старая Деревня, Пионерская",6,"современный монолитный дом, кухня хорошей площади, высокий этаж с видом на город, рядом с метро, дом сдан, заезжай и живи, светлая однушка",8200000
6,40.4,11.6,17.0,2023,1,1-комн,"Петроградская, Горьковская, Чернышевская",5,"новостройка бизнес-класса, просторная кухня-гостиная, уютный этаж в тихом доме, в шаговой доступности от метро, дом сдан, заезжай и живи, светлая однушка",24846000
2,150.6,84.7,17.0,2001,1,4-комн,"Чернышевская, Площадь Ленина, Площадь Восстания",7,"современный монолитный дом, просторная кухня-гостиная, уютный этаж в тихом доме, рядом с метро, дом сдан, заезжай и живи, многокомнатная квартира тихий центр",77890000
3,66.6,15.4,29.3,2021,1,1-комн,"Пионерская, Площадь Мужества, Политехническая",5,"новый дом комфорт-класса, просторная кухня-гостиная, уютный этаж в тихом доме, в шаговой доступности от метро, дом сдан, заезжай и живи, светлая однушка",21854124
3,52.76,23.6,17.5,2027,0,2-комн,"Чкаловская, Спортивная, Петроградская",4,"новостройка бизнес-класса, просторная кухня-гостиная, уютный этаж в тихом доме, в шаговой доступности от метро, строящийся объект, сдача скоро, двушка с евроремонтом",25817127
14,53.7,30.2,8.0,1979,1,2-комн,"Купчино, Звездная, Московская",7,"историческое здание сталинской постройки, небольшая кухня, высокий этаж с видом на город, рядом с метро, дом сдан, заезжай и живи, просторная двухкомнатная квартира",8750000
9,61.4,20.5,15.0,2023,0,2-комн,"Лесная, Черная речка, Выборгская",3,"новостройка с современной отделкой, просторная кухня-гостиная, уютный этаж в тихом доме, в шаговой доступности от метро, строящийся объект, сдача скоро, просторная двухкомнатная квартира",18005550
5,139.1,86.5,8.0,2020,1,3-комн,"Чернышевская, Площадь Ленина, Выборгская",5,"новый дом комфорт-класса, небольшая кухня, уютный этаж в тихом доме, в шаговой доступности от метро, дом сдан, заезжай и живи, трёхкомнатная квартира для большой семьи",180830000
11,33.66,9.1,11.1,2022,1,1-комн,"Купчино, Звездная, Шушары",9,"новостройка с современной отделкой, кухня хорошей площади, высокий этаж с видом на город, рядом с метро, дом сдан, заезжай и живи, однокомнатная квартира с хорошим ремонтом",4799000
3,71.0,45.5,10.2,1860,1,2-комн,"Спасская, Сенная площадь, Адмиралтейская",15,"старый фонд требует ремонта, кухня хорошей площади, средний этаж, транспортная доступность на машине, дом сдан, заезжай и живи, просторная двухкомнатная квартира",21950000
6,42.0,13.6,13.5,2023,1,1-комн,"Удельная, Академическая, Озерки",5,"новый дом комфорт-класса, кухня хорошей площади, средний этаж, в шаговой доступности от метро, дом сдан, заезжай и живи, однокомнатная квартира с хорошим ремонтом",18900000
6,121.9,83.4,8.0,2020,1,3-комн,"Чернышевская, Площадь Ленина, Выборгская",5,"новый дом комфорт-класса, небольшая кухня, уютный этаж в тихом доме, большая жилая площадь, в шаговой доступности от метро, дом сдан, заезжай и живи, трёшка с хорошей планировкой",157007200
3,39.3,14.1,12.7,2021,1,1-комн,"Крестовский остров, Чкаловская, Спортивная",3,"новостройка с современной отделкой, кухня хорошей площади, уютный этаж в тихом доме, в шаговой доступности от метро, дом сдан, заезжай и живи, однокомнатная с балконом",19118473
2,50.6,26.8,12.3,2027,0,2-комн,"Чкаловская, Петроградская, Черная речка",3,"новый дом комфорт-класса, кухня хорошей площади, уютный этаж в тихом доме, в шаговой доступности от метро, строящийся объект, сдача скоро, двушка с евроремонтом",40332865
11,24.49,11.7,3.9,2026,0,Студия,"Рыбацкое, Обухово, Пролетарская",19,"новый дом комфорт-класса, небольшая кухня, высокий этаж с видом на город, транспортная доступность на машине, строящийся объект, сдача скоро, уютная студия для молодой пары",3278226
3,34.68,18.1,6.0,1959,1,1-комн,"Рыбацкое, Обухово, Пролетарская",17,"старый фонд требует ремонта, небольшая кухня, средний этаж, транспортная доступность на машине, дом сдан, заезжай и живи, однокомнатная квартира с хорошим ремонтом",3750000
4,19.9,8.9,5.0,2025,0,Студия,Академическая,19,"новый дом комфорт-класса, небольшая кухня, уютный этаж в тихом доме, транспортная доступность на машине, строящийся объект, сдача скоро, компактная студия евроремонт",3341210
13,19.9,9.2,5.0,2020,0,Студия,"Академическая, Гражданский проспект, Девяткино",10,"новостройка с современной отделкой, небольшая кухня, высокий этаж с видом на город, рядом с метро, строящийся объект, сдача скоро, уютная студия для молодой пары",3293450
2,20.6,9.0,5.0,2025,0,Студия,Академическая,19,"новостройка с современной отделкой, небольшая кухня, уютный этаж в тихом доме, транспортная доступность на машине, строящийся объект, сдача скоро, уютная студия для молодой пары",3394880
11,26.89,13.6,3.2,2026,0,Студия,"Рыбацкое, Обухово, Пролетарская",18,"новостройка бизнес-класса, небольшая кухня, высокий этаж с видом на город, транспортная доступность на машине, строящийся объект, сдача скоро, студия с открытой планировкой",3451545
1,20.32,9.2,5.0,2024,0,Студия,"Академическая, Гражданский проспект, Девяткино",6,"новый дом комфорт-класса, небольшая кухня, первый этаж без балкона, рядом с метро, строящийся объект, сдача скоро, уютная студия для молодой пары",3775456
2,30.8,15.1,10.2,2021,1,1-комн,"Шушары, Купчино, Дунайская",16,"новостройка с современной отделкой, кухня хорошей площади, уютный этаж в тихом доме, транспортная доступность на машине, дом сдан, заезжай и живи, однокомнатная с балконом",3792600
16,21.5,9.1,5.3,2025,0,Студия,Академическая,19,"новостройка с современной отделкой, небольшая кухня, высокий этаж с видом на город, транспортная доступность на машине, строящийся объект, сдача скоро, уютная студия для молодой пары",3708750
3,19.2,7.7,5.0,2025,0,Студия,"Академическая, Гражданский проспект, Девяткино",6,"новый дом комфорт-класса, небольшая кухня, уютный этаж в тихом доме, рядом с метро, строящийся объект, сдача скоро, студия с открытой планировкой",3454080
3,22.1,10.9,5.0,2025,0,Студия,"Академическая, Гражданский проспект, Девяткино",6,"новостройка с современной отделкой, небольшая кухня, уютный этаж в тихом доме, рядом с метро, строящийся объект, сдача скоро, компактная студия евроремонт",3637660
8,20.56,10.0,5.0,2024,0,Студия,"Академическая, Гражданский проспект, Девяткино",6,"новостройка с современной отделкой, небольшая кухня, уютный этаж в тихом доме, рядом с метро, строящийся объект, сдача скоро, студия с открытой планировкой",3799488
4,27.68,13.6,3.2,2026,0,Студия,"Рыбацкое, Обухово, Пролетарская",18,"новостройка с современной отделкой, небольшая кухня, средний этаж, транспортная доступность на машине, строящийся объект, сдача скоро, уютная студия для молодой пары",3832379
8,20.56,10.0,5.0,2024,0,Студия,"Академическая, Гражданский проспект, Девяткино",6,"новостройка с современной отделкой, небольшая кухня, средний этаж, рядом с метро, строящийся объект, сдача скоро, уютная студия для молодой пары",3758368
2,22.7,10.9,5.0,2025,0,Студия,"Академическая, Гражданский проспект, Девяткино",6,"новостройка бизнес-класса, небольшая кухня, уютный этаж в тихом доме, рядом с метро, строящийся объект, сдача скоро, уютная студия для молодой пары",3613840
2,19.7,7.7,5.0,2025,0,Студия,"Академическая, Гражданский проспект, Девяткино",6,"новый дом комфорт-класса, небольшая кухня, уютный этаж в тихом доме, рядом с метро, строящийся объект, сдача скоро, студия с открытой планировкой",3419920
7,24.45,13.3,3.5,2025,0,Студия,"Шушары, Дунайская, Обухово",11,"новый дом комфорт-класса, небольшая кухня, средний этаж, транспортная доступность на машине, строящийся объект, сдача скоро, уютная студия для молодой пары",3789750
5,309.2,184.0,21.7,1832,1,Многокомнатна,"Чернышевская, Площадь Ленина, Площадь Восстания",6,"историческое здание сталинской постройки, просторная кухня-гостиная, средний этаж, рядом с метро, дом сдан, заезжай и живи",105000000
2,241.8,124.1,37.2,2009,1,4-комн,"Крестовский остров, Чкаловская, Спортивная",1,"современный монолитный дом, просторная кухня-гостиная, уютный этаж в тихом доме, в шаговой доступности от метро, дом сдан, заезжай и живи, большая четырёхкомнатная дизайнерский ремонт",98900000
4,195.0,127.2,34.1,2006,1,5-комн,"Чкаловская, Крестовский остров, Петроградская",14,"дом 2000-х годов в хорошем состоянии, просторная кухня-гостиная, уютный этаж в тихом доме, большая жилая площадь, транспортная доступность на машине, дом сдан, заезжай и живи",145900000
6,250.0,230.0,13.0,1998,1,3-комн,"Горьковская, Петроградская, Площадь Ленина",3,"типовая панельная застройка, кухня хорошей площади, уютный этаж в тихом доме, большая жилая площадь, в шаговой доступности от метро, дом сдан, заезжай и живи, просторная трёхкомнатная с двумя санузлами",100000000
7,163.7,95.4,12.1,2004,1,4-комн,"Площадь Александра Невского, Площадь Восстания, Маяковская",7,"дом 2000-х годов в хорошем состоянии, кухня хорошей площади, уютный этаж в тихом доме, рядом с метро, дом сдан, заезжай и живи, четырёхкомнатная квартира премиум класса",180000000
8,160.0,70.1,37.1,2022,1,5-комн,"Чкаловская, Петроградская, Крестовский остров",10,"новый дом комфорт-класса, просторная кухня-гостиная, уютный этаж в тихом доме, рядом с метро, дом сдан, заезжай и живи",103200000
5,178.0,51.0,53.0,2017,1,4-комн,"Чкаловская, Крестовский остров, Горьковская",5,"дом 2000-х годов в хорошем состоянии, просторная кухня-гостиная, уютный этаж в тихом доме, в шаговой доступности от метро, дом сдан, заезжай и живи, многокомнатная квартира тихий центр",230000000
5,159.2,47.0,70.0,2018,1,3-комн,"Чкаловская, Крестовский остров, Спортивная",22,"улучшенная планировка, просторная кухня-гостиная, уютный этаж в тихом доме, транспортная доступность на машине, дом сдан, заезжай и живи, трёшка с хорошей планировкой",130000000
3,181.3,65.7,68.5,1825,1,3-комн,"Площадь Ленина, Чернышевская, Горьковская",19,"дореволюционный дом с высокими потолками, просторная кухня-гостиная, средний этаж, транспортная доступность на машине, дом сдан, заезжай и живи, просторная трёхкомнатная с двумя санузлами",129997000
2,337.8,202.4,10.3,1902,1,Многокомнатна,"Чернышевская, Площадь Ленина, Владимирская",5,"историческое здание сталинской постройки, кухня хорошей площади, уютный этаж в тихом доме, в шаговой доступности от метро, дом сдан, заезжай и живи",135000000
6,154.8,56.5,65.6,2020,1,3-комн,"Крестовский остров, Чкаловская, Спортивная",6,"новостройка с современной отделкой, просторная кухня-гостиная, уютный этаж в тихом доме, рядом с метро, дом сдан, заезжай и живи, трёхкомнатная квартира для большой семьи",154800000
6,251.6,115.0,40.0,1908,1,3-комн,"Чернышевская, Площадь Александра Невского, Площадь Восстания",6,"дореволюционный дом с высокими потолками, просторная кухня-гостиная, уютный этаж в тихом доме, рядом с метро, дом сдан, заезжай и живи, просторная трёхкомнатная с двумя санузлами",130000000
7,237.3,89.2,59.2,2022,1,4-комн,"Крестовский остров, Спортивная, Василеостровская",6,"новостройка бизнес-класса, просторная кухня-гостиная, средний этаж, рядом с метро, дом сдан, заезжай и живи, большая четырёхкомнатная дизайнерский ремонт",183275400
2,218.0,101.0,28.0,2013,1,3-комн,"Крестовский остров, Чкаловская, Спортивная",4,"улучшенная планировка, просторная кухня-гостиная, уютный этаж в тихом доме, в шаговой доступности от метро, дом сдан, заезжай и живи, трёхкомнатная квартира для большой семьи",220000000
3,277.7,154.8,33.1,1915,1,4-комн,"Спортивная, Горьковская, Чкаловская",6,"дореволюционный дом с высокими потолками, просторная кухня-гостиная, средний этаж, рядом с метро, дом сдан, заезжай и живи, многокомнатная квартира тихий центр",111080000
3,250.0,112.0,44.0,2011,1,5-комн,"Чкаловская, Петроградская, Крестовский остров",4,"дом 2000-х годов в хорошем состоянии, просторная кухня-гостиная, средний этаж, в шаговой доступности от метро, дом сдан, заезжай и живи",215000000
1,227.0,130.7,35.6,2022,1,4-комн,"Крестовский остров, Чкаловская, Горьковская",5,"новостройка бизнес-класса, просторная кухня-гостиная, первый этаж без балкона, в шаговой доступности от метро, дом сдан, заезжай и живи, четырёхкомнатная квартира премиум класса",169999000
5,162.0,97.0,20.0,2017,1,3-комн,"Крестовский остров, Чкаловская, Василеостровская",6,"дом 2000-х годов в хорошем состоянии, просторная кухня-гостиная, средний этаж, рядом с метро, дом сдан, заезжай и живи, трёхкомнатная квартира для большой семьи",140000000
8,342.0,88.9,205.1,2018,1,4-комн,"Чкаловская, Крестовский остров, Спортивная",22,"дом 2000-х годов в хорошем состоянии, просторная кухня-гостиная, уютный этаж в тихом доме, транспортная доступность на машине, дом сдан, заезжай и живи, большая четырёхкомнатная дизайнерский ремонт",259000000
6,248.7,216.8,20.0,1852,1,Квартир,"Гостиный двор, Невский проспект, Адмиралтейская",7,"старый фонд требует ремонта, просторная кухня-гостиная, уютный этаж в тихом доме, большая жилая площадь, рядом с метро, дом сдан, заезжай и живи",97000000
6,146.4,81.7,17.0,2015,1,4-комн,"Чернышевская, Площадь Восстания, Маяковская",5,"дом 2000-х годов в хорошем состоянии, просторная кухня-гостиная, уютный этаж в тихом доме, в шаговой доступности от метро, дом сдан, заезжай и живи, большая четырёхкомнатная дизайнерский ремонт",103000000
4,31.6,17.6,5.6,1962,1,1-комн,"Выборгская, Лесная, Площадь Ленина",5,"старый фонд требует ремонта, небольшая кухня, уютный этаж в тихом доме, в шаговой доступности от метро, дом сдан, заезжай и живи, однокомнатная с балконом",5050000
9,31.58,14.9,8.8,2025,0,1-комн,"Шушары, Дунайская, Обухово",11,"новостройка с современной отделкой, небольшая кухня, средний этаж, транспортная доступность на машине, строящийся объект, сдача скоро, однокомнатная квартира с хорошим ремонтом",4894900
12,22.0,11.0,6.0,2023,1,Студия,"Звездная, Купчино, Шушары",10,"новостройка бизнес-класса, небольшая кухня, высокий этаж с видом на город, рядом с метро, дом сдан, заезжай и живи, компактная студия евроремонт",4880000
3,45.1,25.8,8.5,2021,1,2-комн,"Шушары, Купчино, Дунайская",15,"новый дом комфорт-класса, небольшая кухня, средний этаж, транспортная доступность на машине, дом сдан, заезжай и живи, просторная двухкомнатная квартира",5086200
8,22.64,10.0,5.6,2025,0,Студия,"Рыбацкое, Обухово, Пролетарская",5,"новостройка с современной отделкой, небольшая кухня, уютный этаж в тихом доме, в шаговой доступности от метро, строящийся объект, сдача скоро, студия с открытой планировкой",5046207
10,22.7,11.7,5.0,2026,0,Студия,"Ломоносовская, Елизаровская, Улица Дыбенко",6,"новостройка бизнес-класса, небольшая кухня, высокий этаж с видом на город, рядом с метро, строящийся объект, сдача скоро, компактная студия евроремонт",4975840
9,32.54,12.2,10.3,2025,0,1-комн,"Купчино, Шушары, Обухово",13,"новостройка с современной отделкой, кухня хорошей площади, уютный этаж в тихом доме, транспортная доступность на машине, строящийся объект, сдача скоро, однокомнатная квартира с хорошим ремонтом",4780939
3,25.6,13.9,5.0,2025,0,Студия,"Ломоносовская, Елизаровская, Улица Дыбенко",6,"новостройка бизнес-класса, небольшая кухня, уютный этаж в тихом доме, рядом с метро, строящийся объект, сдача скоро, студия с открытой планировкой",4999680
2,27.4,12.5,5.1,2024,1,Студия,"Купчино, Московская, Звездная",20,"новостройка с современной отделкой, небольшая кухня, уютный этаж в тихом доме, транспортная доступность на машине, дом сдан, заезжай и живи, студия с открытой планировкой",5000000
14,22.3,10.0,5.4,2025,0,Студия,"Рыбацкое, Обухово, Пролетарская",5,"новый дом комфорт-класса, небольшая кухня, высокий этаж с видом на город, в шаговой доступности от метро, строящийся объект, сдача скоро, уютная студия для молодой пары",5048653
3,22.7,10.2,5.0,2026,0,Студия,"Московская, Звездная, Купчино",15,"новый дом комфорт-класса, небольшая кухня, уютный этаж в тихом доме, транспортная доступность на машине, строящийся объект, сдача скоро, студия с открытой планировкой",4916820
4,22.5,11.6,5.1,2024,0,Студия,"Купчино, Московская, Звездная",20,"новостройка с современной отделкой, небольшая кухня, уютный этаж в тихом доме, транспортная доступность на машине, строящийся объект, сдача скоро, компактная студия евроремонт",5050000
3,22.4,11.5,5.0,2026,0,Студия,"Ломоносовская, Елизаровская, Улица Дыбенко",6,"новостройка бизнес-класса, небольшая кухня, средний этаж, рядом с метро, строящийся объект, сдача скоро, студия с открытой планировкой",4898880
2,23.7,10.1,5.1,2026,0,Студия,"Московская, Звездная, Купчино",15,"новостройка с современной отделкой, небольшая кухня, средний этаж, транспортная доступность на машине, строящийся объект, сдача скоро, компактная студия евроремонт",5043360
2,33.7,11.1,15.7,2026,0,1-комн,"Академическая, Гражданский проспект, Девяткино",10,"новый дом комфорт-класса, просторная кухня-гостиная, средний этаж, рядом с метро, строящийся объект, сдача скоро, светлая однушка",4987600
8,32.7,8.9,15.1,2026,0,1-комн,"Академическая, Гражданский проспект, Девяткино",9,"новостройка бизнес-класса, просторная кухня-гостиная, средний этаж, рядом с метро, строящийся объект, сдача скоро, однокомнатная квартира с хорошим ремонтом",4829790
1,24.9,12.7,5.0,2026,0,Студия,"Московская, Звездная, Купчино",15,"новый дом комфорт-класса, небольшая кухня, первый этаж без балкона, транспортная доступность на машине, строящийся объект, сдача скоро, компактная студия евроремонт",4912770
11,32.6,8.9,15.1,2020,0,1-комн,"Академическая, Гражданский проспект, Девяткино",10,"новый дом комфорт-класса, просторная кухня-гостиная, высокий этаж с видом на город, рядом с метро, строящийся объект, сдача скоро, светлая однушка",4815020
1,23.76,12.0,5.0,2024,0,Студия,"Шушары, Обухово, Дунайская",17,"новый дом комфорт-класса, небольшая кухня, первый этаж без балкона, транспортная доступность на машине, строящийся объект, сдача скоро, компактная студия евроремонт",5074494
5,20.34,8.6,3.3,2024,0,Студия,"Парнас, Проспект Просвещения, Озерки",21,"новостройка с современной отделкой, небольшая кухня, уютный этаж в тихом доме, транспортная доступность на машине, строящийся объект, сдача скоро, уютная студия для молодой пары",4791044
18,20.72,9.0,5.1,2025,0,Студия,"Рыбацкое, Обухово, Пролетарская",5,"новостройка бизнес-класса, небольшая кухня, высокий этаж с видом на город, в шаговой доступности от метро, строящийся объект, сдача скоро, компактная студия евроремонт",4982393
9,33.69,10.8,13.7,2025,0,1-комн,"Купчино, Шушары, Обухово",13,"новостройка с современной отделкой, кухня хорошей площади, средний этаж, транспортная доступность на машине, строящийся объект, сдача скоро, светлая однушка",4896841
1,25.04,14.7,3.8,2024,0,Студия,"Парнас, Проспект Просвещения, Озерки",21,"новый дом комфорт-класса, небольшая кухня, первый этаж без балкона, транспортная доступность на машине, строящийся объект, сдача скоро, компактная студия евроремонт",4958156
5,39.26,11.9,18.4,2026,0,1-комн,"Рыбацкое, Обухово, Пролетарская",19,"новый дом комфорт-класса, просторная кухня-гостиная, уютный этаж в тихом доме, транспортная доступность на машине, строящийся объект, сдача скоро, однокомнатная с балконом",5021079
10,26.4,12.6,7.0,2008,1,Студия,"Рыбацкое, Пролетарская, Обухово",5,"дом 2000-х годов в хорошем состоянии, небольшая кухня, высокий этаж с видом на город, в шаговой доступности от метро, дом сдан, заезжай и живи, уютная студия для молодой пары",5084000
15,22.3,10.0,5.4,2026,0,Студия,"Рыбацкое, Обухово, Пролетарская",4,"новый дом комфорт-класса, небольшая кухня, высокий этаж с видом на город, в шаговой доступности от метро, строящийся объект, сдача скоро, студия с открытой планировкой",4906387
3,25.6,13.0,3.4,2024,0,Студия,"Парнас, Проспект Просвещения, Озерки",24,"новый дом комфорт-класса, небольшая кухня, уютный этаж в тихом доме, транспортная доступность на машине, строящийся объект, сдача скоро, студия с открытой планировкой",5339059
2,21.55,13.6,3.0,2025,0,Апартаменты-студия,"Ладожская, Новочеркасская, Площадь Александра Невского",4,"новостройка с современной отделкой, небольшая кухня, уютный этаж в тихом доме, в шаговой доступности от метро, строящийся объект, сдача скоро, компактная студия евроремонт",5325867
12,24.6,13.0,5.0,2015,1,Студия,"Проспект Большевиков, Улица Дыбенко, Новочеркасская",6,"дом 2000-х годов в хорошем состоянии, небольшая кухня, высокий этаж с видом на город, рядом с метро, дом сдан, заезжай и живи, компактная студия евроремонт",5150000
2,29.2,15.3,6.8,1972,1,1-комн,"Проспект Славы, Дунайская, Купчино",6,"дореволюционный дом с высокими потолками, небольшая кухня, уютный этаж в тихом доме, рядом с метро, дом сдан, заезжай и живи, однокомнатная квартира с хорошим ремонтом",5300000
9,24.9,12.9,3.1,2024,0,Студия,"Парнас, Проспект Просвещения, Озерки",23,"новостройка бизнес-класса, небольшая кухня, уютный этаж в тихом доме, транспортная доступность на машине, строящийся объект, сдача скоро, уютная студия для молодой пары",5213827
2,21.81,10.8,4.0,2026,0,Студия,"Рыбацкое, Обухово, Пролетарская",10,"новостройка с современной отделкой, небольшая кухня, средний этаж, рядом с метро, строящийся объект, сдача скоро, компактная студия евроремонт",5183513
13,35.3,13.6,15.4,2026,0,1-комн,"Академическая, Гражданский проспект, Девяткино",10,"новостройка бизнес-класса, просторная кухня-гостиная, высокий этаж с видом на город, рядом с метро, строящийся объект, сдача скоро, светлая однушка",5157330
6,35.69,15.8,9.5,2025,0,1-комн,"Шушары, Дунайская, Обухово",11,"новый дом комфорт-класса, небольшая кухня, средний этаж, транспортная доступность на машине, строящийся объект, сдача скоро, однокомнатная с балконом",5175050
5,21.53,11.2,3.1,2024,0,Студия,"Парнас, Проспект Просвещения, Озерки",22,"новый дом комфорт-класса, небольшая кухня, средний этаж, транспортная доступность на машине, строящийся объект, сдача скоро, компактная студия евроремонт",5170612
1,25.72,8.3,7.1,2025,0,Студия,"Проспект Ветеранов, Ленинский проспект, Автово",11,"новостройка с современной отделкой, небольшая кухня, первый этаж без балкона, транспортная доступность на машине, строящийся объект, сдача скоро, компактная студия евроремонт",5209738
4,23.75,11.4,5.3,2025,0,Студия,"Проспект Ветеранов, Ленинский проспект, Автово",11,"новый дом комфорт-класса, небольшая кухня, средний этаж, транспортная доступность на машине, строящийся объект, сдача скоро, компактная студия евроремонт",5196025
10,35.12,13.3,9.5,2025,0,1-комн,"Шушары, Дунайская, Обухово",11,"новостройка с современной отделкой, небольшая кухня, высокий этаж с видом на город, транспортная доступность на машине, строящийся объект, сдача скоро, однокомнатная с балконом",5092400
5,24.7,11.6,3.5,2024,0,Студия,"Парнас, Проспект Просвещения, Озерки",24,"новостройка бизнес-класса, небольшая кухня, средний этаж, транспортная доступность на машине, строящийся объект, сдача скоро, уютная студия для молодой пары",5335521
22,24.09,11.0,5.1,2025,0,Студия,"Рыбацкое, Обухово, Пролетарская",5,"новый дом комфорт-класса, небольшая кухня, высокий этаж с видом на город, в шаговой доступности от метро, строящийся объект, сдача скоро, студия с открытой планировкой",5186451
4,22.9,12.1,3.8,2024,0,Студия,"Парнас, Проспект Просвещения, Озерки",23,"новостройка бизнес-класса, небольшая кухня, уютный этаж в тихом доме, транспортная доступность на машине, строящийся объект, сдача скоро, компактная студия евроремонт",5251039
4,32.44,12.3,11.0,2026,0,1-комн,"Рыбацкое, Обухово, Пролетарская",17,"новостройка с современной отделкой, кухня хорошей площади, средний этаж, транспортная доступность на машине, строящийся объект, сдача скоро, светлая однушка",5122600
5,23.1,12.0,4.0,2024,0,Студия,"Парнас, Проспект Просвещения, Озерки",23,"новый дом комфорт-класса, небольшая кухня, уютный этаж в тихом доме, транспортная доступность на машине, строящийся объект, сдача скоро, студия с открытой планировкой",5171235
2,36.68,18.5,9.9,2025,0,1-комн,"Купчино, Шушары, Обухово",13,"новостройка с современной отделкой, небольшая кухня, средний этаж, транспортная доступность на машине, строящийся объект, сдача скоро, однокомнатная с балконом",5166378
1,25.8,14.3,4.3,2024,0,Студия,"Парнас, Проспект Просвещения, Озерки",21,"новый дом комфорт-класса, небольшая кухня, первый этаж без балкона, транспортная доступность на машине, строящийся объект, сдача скоро, компактная студия евроремонт",5210695
6,23.76,10.5,5.0,2026,0,Студия,"Рыбацкое, Обухово, Пролетарская",4,"новостройка бизнес-класса, небольшая кухня, уютный этаж в тихом доме, в шаговой доступности от метро, строящийся объект, сдача скоро, студия с открытой планировкой",5193910
12,32.7,18.7,7.4,2024,1,1-комн,"Гражданский проспект, Девяткино, Академическая",12,"новый дом комфорт-класса, небольшая кухня, высокий этаж с видом на город, транспортная доступность на машине, дом сдан, заезжай и живи, светлая однушка",5250000
8,46.8,27.6,8.6,2021,1,2-комн,"Шушары, Купчино, Дунайская",16,"новый дом комфорт-класса, небольшая кухня, уютный этаж в тихом доме, транспортная доступность на машине, дом сдан, заезжай и живи, двухкомнатная квартира раздельные комнаты",5183000
2,24.04,10.0,5.5,2025,0,Студия,"Проспект Ветеранов, Ленинский проспект, Автово",11,"новый дом комфорт-класса, небольшая кухня, средний этаж, транспортная доступность на машине, строящийся объект, сдача скоро, студия с открытой планировкой",5113363
8,22.64,10.0,5.6,2026,0,Студия,"Рыбацкое, Обухово, Пролетарская",4,"новостройка с современной отделкой, небольшая кухня, уютный этаж в тихом доме, в шаговой доступности от метро, строящийся объект, сдача скоро, компактная студия евроремонт",5338037
5,21.9,10.9,3.9,2024,0,Студия,"Парнас, Проспект Просвещения, Озерки",22,"новый дом комфорт-класса, небольшая кухня, средний этаж, транспортная доступность на машине, строящийся объект, сдача скоро, уютная студия для молодой пары",5091378
8,32.0,13.2,7.6,2025,0,1-комн,Академическая,19,"новостройка с современной отделкой, небольшая кухня, уютный этаж в тихом доме, транспортная доступность на машине, строящийся объект, сдача скоро, однокомнатная с балконом",5132800
2,33.12,12.3,11.3,2026,0,1-комн,"Рыбацкое, Обухово, Пролетарская",17,"новостройка с современной отделкой, кухня хорошей площади, уютный этаж в тихом доме, транспортная доступность на машине, строящийся объект, сдача скоро, светлая однушка",5201680
2,65.5,40.4,11.0,1913,1,3-комн,"Петроградская, Чкаловская, Горьковская",7,"старый фонд требует ремонта, кухня хорошей площади, уютный этаж в тихом доме, рядом с метро, дом сдан, заезжай и живи, просторная трёхкомнатная с двумя санузлами",16000000
7,103.88,41.7,36.3,2024,1,3-комн,"Новочеркасская, Площадь Александра Невского, Ладожская",4,"новый дом комфорт-класса, просторная кухня-гостиная, уютный этаж в тихом доме, в шаговой доступности от метро, дом сдан, заезжай и живи, трёхкомнатная квартира для большой семьи",36437600
13,95.5,46.1,33.9,2022,1,3-комн,"Черная речка, Лесная, Выборгская",5,"новостройка бизнес-класса, просторная кухня-гостиная, высокий этаж с видом на город, в шаговой доступности от метро, дом сдан, заезжай и живи, трёхкомнатная квартира для большой семьи",31000000
7,47.0,17.0,13.2,2009,1,1-комн,"Чкаловская, Спортивная, Василеостровская",4,"дом 2000-х годов в хорошем состоянии, кухня хорошей площади, средний этаж, в шаговой доступности от метро, дом сдан, заезжай и живи, однокомнатная с балконом",27000000
13,176.0,99.0,23.0,2016,1,Многокомнатна,"Черная речка, Лесная, Выборгская",5,"улучшенная планировка, просторная кухня-гостиная, высокий этаж с видом на город, в шаговой доступности от метро, дом сдан, заезжай и живи",56500000
12,36.6,15.4,10.2,2024,1,1-комн,"Приморская, Василеостровская, Петроградская",15,"новый дом комфорт-класса, кухня хорошей площади, высокий этаж с видом на город, транспортная доступность на машине, дом сдан, заезжай и живи, однокомнатная с балконом",8200000
3,44.0,26.9,6.2,1980,1,2-комн,"Ленинский проспект, Проспект Ветеранов, Автово",7,"типовая панельная застройка, небольшая кухня, средний этаж, рядом с метро, дом сдан, заезжай и живи, просторная двухкомнатная квартира",6290000
14,68.1,35.5,14.1,2007,1,2-комн,"Ленинский проспект, Проспект Ветеранов, Автово",5,"дом 2000-х годов в хорошем состоянии, кухня хорошей площади, высокий этаж с видом на город, в шаговой доступности от метро, дом сдан, заезжай и живи, просторная двухкомнатная квартира",16000000
3,86.4,47.4,20.6,2026,0,3-комн,"Василеостровская, Горный институт, Спортивная",4,"новый дом комфорт-класса, просторная кухня-гостиная, уютный этаж в тихом доме, в шаговой доступности от метро, строящийся объект, сдача скоро, трёхкомнатная квартира для большой семьи",36936000
5,35.3,23.6,6.7,2022,1,Апартаменты-студия,"Пушкинская, Фрунзенская, Обводный канал",4,"новостройка с современной отделкой, небольшая кухня, средний этаж, большая жилая площадь, в шаговой доступности от метро, дом сдан, заезжай и живи, студия с открытой планировкой",8450000
2,87.23,43.9,20.2,2025,0,3-комн,"Спортивная, Адмиралтейская, Василеостровская",5,"новый дом комфорт-класса, просторная кухня-гостиная, уютный этаж в тихом доме, в шаговой доступности от метро, строящийся объект, сдача скоро, трёхкомнатная квартира для большой семьи",36636600
4,37.47,14.4,11.3,2022,1,1-комн,"Пионерская, Комендантский проспект, Удельная",5,"новостройка с современной отделкой, кухня хорошей площади, средний этаж, в шаговой доступности от метро, дом сдан, заезжай и живи, однокомнатная с балконом",13750000
16,35.4,15.2,10.2,2018,1,1-комн,"Ладожская, Новочеркасская, Площадь Александра Невского",5,"современный монолитный дом, кухня хорошей площади, высокий этаж с видом на город, в шаговой доступности от метро, дом сдан, заезжай и живи, светлая однушка",9950000
3,45.1,25.8,8.5,2021,1,2-комн,"Шушары, Купчино, Дунайская",15,"новый дом комфорт-класса, небольшая кухня, уютный этаж в тихом доме, транспортная доступность на машине, дом сдан, заезжай и живи, просторная двухкомнатная квартира",5086200
9,157.0,54.0,61.0,2020,1,3-комн,"Звездная, Московская, Купчино",3,"новостройка бизнес-класса, просторная кухня-гостиная, уютный этаж в тихом доме, в шаговой доступности от метро, дом сдан, заезжай и живи, просторная трёхкомнатная с двумя санузлами",41700000
3,26.5,10.9,7.9,2027,0,Студия,"Горный институт, Приморская, Василеостровская",5,"новостройка бизнес-класса, небольшая кухня, средний этаж, в шаговой доступности от метро, строящийся объект, сдача скоро, уютная студия для молодой пары",8639000
2,271.0,100.0,43.0,2008,1,Многокомнатна,"Крестовский остров, Чкаловская, Спортивная",4,"улучшенная планировка, просторная кухня-гостиная, средний этаж, в шаговой доступности от метро, дом сдан, заезжай и живи",129000000
7,35.1,16.5,11.0,2006,1,1-комн,"Проспект Ветеранов, Ленинский проспект, Автово",9,"дом 2000-х годов в хорошем состоянии, кухня хорошей площади, уютный этаж в тихом доме, рядом с метро, дом сдан, заезжай и живи, светлая однушка",6600000
3,84.1,47.9,17.2,2024,0,3-комн,"Петроградская, Чкаловская, Черная речка",3,"новостройка с современной отделкой, просторная кухня-гостиная, уютный этаж в тихом доме, в шаговой доступности от метро, строящийся объект, сдача скоро, трёхкомнатная квартира для большой семьи",40788500
3,65.6,45.5,6.9,1980,1,3-комн,"Ломоносовская, Обухово, Пролетарская",8,"кирпичный дом советской постройки, небольшая кухня, уютный этаж в тихом доме, большая жилая площадь, рядом с метро, дом сдан, заезжай и живи, трёхкомнатная квартира для большой семьи",7050000
6,36.3,16.6,10.0,2019,1,1-комн,"Ленинский проспект, Проспект Ветеранов, Автово",14,"дом 2000-х годов в хорошем состоянии, кухня хорошей площади, средний этаж, транспортная доступность на машине, дом сдан, заезжай и живи, однокомнатная с балконом",5400000
14,37.0,21.0,8.0,1972,1,1-комн,"Лесная, Площадь Ленина, Академическая",8,"дореволюционный дом с высокими потолками, небольшая кухня, высокий этаж с видом на город, рядом с метро, дом сдан, заезжай и живи, однокомнатная с балконом",6420000
5,154.45,74.1,29.8,2018,1,3-комн,"Крестовский остров, Чкаловская, Горьковская",5,"улучшенная планировка, просторная кухня-гостиная, уютный этаж в тихом доме, в шаговой доступности от метро, дом сдан, заезжай и живи, трёхкомнатная квартира для большой семьи",140000000
3,49.5,31.1,7.0,1984,1,2-комн,"Ладожская, Улица Дыбенко, Проспект Большевиков",6,"кирпичный дом советской постройки, небольшая кухня, уютный этаж в тихом доме, рядом с метро, дом сдан, заезжай и живи, двухкомнатная квартира раздельные комнаты",9200000
2,102.2,45.0,16.9,2022,1,3-комн,"Проспект Ветеранов, Ленинский проспект, Нарвская",16,"новостройка с современной отделкой, просторная кухня-гостиная, уютный этаж в тихом доме, транспортная доступность на машине, дом сдан, заезжай и живи, трёхкомнатная квартира для большой семьи",22369379
3,83.1,53.6,12.3,2014,1,3-комн,"Петроградская, Выборгская, Лесная",5,"улучшенная планировка, кухня хорошей площади, средний этаж, в шаговой доступности от метро, дом сдан, заезжай и живи, просторная трёхкомнатная с двумя санузлами",33500000
5,44.4,31.0,6.0,1971,1,2-комн,"Московская, Ленинский проспект, Звездная",4,"старый фонд требует ремонта, небольшая кухня, средний этаж, большая жилая площадь, в шаговой доступности от метро, дом сдан, заезжай и живи, двухкомнатная квартира раздельные комнаты",6050000
4,44.0,25.6,5.1,1965,1,2-комн,"Проспект Ветеранов, Ленинский проспект, Автово",11,"дореволюционный дом с высокими потолками, небольшая кухня, средний этаж, транспортная доступность на машине, дом сдан, заезжай и живи, двухкомнатная квартира раздельные комнаты",5670000
5,28.9,15.0,7.0,1974,1,1-комн,"Купчино, Дунайская, Звездная",5,"старый фонд требует ремонта, небольшая кухня, средний этаж, в шаговой доступности от метро, дом сдан, заезжай и живи, однокомнатная квартира с хорошим ремонтом",6000000
8,30.7,15.3,8.0,1966,1,1-комн,"Выборгская, Ладожская, Площадь Ленина",8,"старый фонд требует ремонта, небольшая кухня, средний этаж, рядом с метро, дом сдан, заезжай и живи, однокомнатная с балконом",5950000
4,68.0,49.0,8.0,1936,1,29/4,"Нарвская, Балтийская, Кировский завод",3,"историческое здание сталинской постройки, небольшая кухня, средний этаж, большая жилая площадь, в шаговой доступности от метро, дом сдан, заезжай и живи, двушка с евроремонтом",5550000
10,38.5,16.6,10.5,2015,1,1-комн,"Девяткино, Гражданский проспект, Академическая",6,"современный монолитный дом, кухня хорошей площади, высокий этаж с видом на город, рядом с метро, дом сдан, заезжай и живи, однокомнатная с балконом",5599000
2,44.0,30.6,5.6,1967,1,2-комн,"Шушары, Дунайская, Обухово",18,"историческое здание сталинской постройки, небольшая кухня, уютный этаж в тихом доме, большая жилая площадь, транспортная доступность на машине, дом сдан, заезжай и живи, двухкомнатная квартира раздельные комнаты",5550000
3,25.68,21.6,4.0,2024,1,Апартаменты-студия,"Ладожская, Новочеркасская, Площадь Александра Невского",5,"новостройка с современной отделкой, небольшая кухня, уютный этаж в тихом доме, большая жилая площадь, в шаговой доступности от метро, дом сдан, заезжай и живи, студия с открытой планировкой",5300000
9,25.6,17.3,3.0,2023,1,Студия,"Проспект Просвещения, Озерки, Парнас",10,"новостройка с современной отделкой, небольшая кухня, средний этаж, большая жилая площадь, рядом с метро, дом сдан, заезжай и живи, студия с открытой планировкой",5900000
14,22.5,14.5,3.0,2017,1,Студия,"Парнас, Проспект Просвещения, Озерки",8,"современный монолитный дом, небольшая кухня, высокий этаж с видом на город, рядом с метро, дом сдан, заезжай и живи, уютная студия для молодой пары",5650000
13,26.4,15.0,5.0,2006,1,Студия,"Гражданский проспект, Политехническая, Академическая",6,"современный монолитный дом, небольшая кухня, высокий этаж с видом на город, рядом с метро, дом сдан, заезжай и живи, компактная студия евроремонт",5400000
5,35.7,14.5,9.0,2023,1,1-комн,"Проспект Просвещения, Озерки, Парнас",10,"новый дом комфорт-класса, небольшая кухня, средний этаж, рядом с метро, дом сдан, заезжай и живи, однокомнатная квартира с хорошим ремонтом",5750000
3,44.0,26.9,6.2,1980,1,2-комн,"Ленинский проспект, Проспект Ветеранов, Автово",7,"кирпичный дом советской постройки, небольшая кухня, средний этаж, рядом с метро, дом сдан, заезжай и живи, двухкомнатная квартира раздельные комнаты",6290000
18,24.4,16.4,3.0,2020,1,Студия,"Комендантский проспект, Пионерская, Старая Деревня",7,"новостройка бизнес-класса, небольшая кухня, высокий этаж с видом на город, большая жилая площадь, рядом с метро, дом сдан, заезжай и живи, уютная студия для молодой пары",5400000
2,36.6,17.7,10.5,2022,1,1-комн,"Купчино, Звездная, Шушары",15,"новостройка бизнес-класса, кухня хорошей площади, средний этаж, транспортная доступность на машине, дом сдан, заезжай и живи, однокомнатная с балконом",5900000
10,34.9,11.6,16.5,2023,1,1-комн,"Гражданский проспект, Девяткино, Академическая",11,"новостройка с современной отделкой, просторная кухня-гостиная, высокий этаж с видом на город, транспортная доступность на машине, дом сдан, заезжай и живи, светлая однушка",5590000
2,35.5,18.0,7.4,1976,1,1-комн,"Ломоносовская, Обухово, Пролетарская",8,"дореволюционный дом с высокими потолками, небольшая кухня, уютный этаж в тихом доме, рядом с метро, дом сдан, заезжай и живи, однокомнатная с балконом",5500000
12,30.9,23.1,2.0,2022,1,Апартаменты-студия,"Ломоносовская, Елизаровская, Пролетарская",5,"новостройка бизнес-класса, небольшая кухня, высокий этаж с видом на город, большая жилая площадь, в шаговой доступности от метро, дом сдан, заезжай и живи, студия с открытой планировкой",5950000
14,24.0,16.5,1.0,2021,1,Студия,"Звездная, Купчино, Московская",6,"новый дом комфорт-класса, небольшая кухня, высокий этаж с видом на город, большая жилая площадь, рядом с метро, дом сдан, заезжай и живи, компактная студия евроремонт",5790000
3,27.5,16.0,6.5,2023,1,Студия,"Рыбацкое, Шушары, Пролетарская",22,"новостройка с современной отделкой, небольшая кухня, средний этаж, транспортная доступность на машине, дом сдан, заезжай и живи, компактная студия евроремонт",5500000
2,42.0,29.0,5.3,1965,1,3-комн,"Проспект Ветеранов, Ленинский проспект, Московская",7,"старый фонд требует ремонта, небольшая кухня, уютный этаж в тихом доме, большая жилая площадь, рядом с метро, дом сдан, заезжай и живи, трёшка с хорошей планировкой",5500000
12,25.0,15.0,5.0,2020,1,Студия,"Комендантский проспект, Старая Деревня, Пионерская",7,"новостройка бизнес-класса, небольшая кухня, высокий этаж с видом на город, рядом с метро, дом сдан, заезжай и живи, студия с открытой планировкой",5499000
5,31.1,15.7,8.2,1974,1,1-комн,"Пионерская, Комендантский проспект, Старая Деревня",7,"историческое здание сталинской постройки, небольшая кухня, уютный этаж в тихом доме, рядом с метро, дом сдан, заезжай и живи, светлая однушка",5800000
6,36.3,16.6,10.0,2019,1,1-комн,"Ленинский проспект, Проспект Ветеранов, Автово",14,"дом 2000-х годов в хорошем состоянии, кухня хорошей площади, средний этаж, транспортная доступность на машине, дом сдан, заезжай и живи, светлая однушка",5400000
5,42.2,26.6,5.3,1968,1,3-комн,Проспект Ветеранов,7,"старый фонд требует ремонта, небольшая кухня, уютный этаж в тихом доме, рядом с метро, дом сдан, заезжай и живи, трёхкомнатная квартира для большой семьи",6100000
9,28.9,17.0,5.5,1972,1,1-комн,"Проспект Славы, Международная, Дунайская",6,"историческое здание сталинской постройки, небольшая кухня, уютный этаж в тихом доме, рядом с метро, дом сдан, заезжай и живи, однокомнатная с балконом",5700000
14,65.67,34.0,11.4,2010,1,2-комн,"Обухово, Пролетарская, Ломоносовская",8,"современный монолитный дом, кухня хорошей площади, высокий этаж с видом на город, рядом с метро, дом сдан, заезжай и живи, двухкомнатная квартира раздельные комнаты",9800000
5,50.3,29.9,8.9,1911,1,2-комн,"Обводный канал, Лиговский проспект, Звенигородская",8,"историческое здание сталинской постройки, небольшая кухня, уютный этаж в тихом доме, рядом с метро, дом сдан, заезжай и живи, просторная двухкомнатная квартира",9750000
1,36.7,23.9,6.5,1903,1,1-комн,"Василеостровская, Спортивная, Чкаловская",5,"старый фонд требует ремонта, небольшая кухня, первый этаж без балкона, большая жилая площадь, в шаговой доступности от метро, дом сдан, заезжай и живи, однокомнатная с балконом",10699999
3,47.0,26.3,7.6,1989,1,2-комн,"Проспект Просвещения, Парнас, Озерки",6,"панельный дом хрущёвской эпохи, небольшая кухня, уютный этаж в тихом доме, рядом с метро, дом сдан, заезжай и живи, двушка с евроремонтом",10000000
4,32.6,21.0,7.8,1903,1,2-комн,"Площадь Восстания, Площадь Александра Невского, Маяковская",10,"старый фонд требует ремонта, небольшая кухня, уютный этаж в тихом доме, рядом с метро, дом сдан, заезжай и живи, двушка с евроремонтом",10000000
4,58.0,36.0,8.2,1959,1,2-комн,"Елизаровская, Ломоносовская, Площадь Александра Невского",2,"старый фонд требует ремонта, небольшая кухня, уютный этаж в тихом доме, в шаговой доступности от метро, дом сдан, заезжай и живи, двухкомнатная квартира раздельные комнаты",10500000
2,44.4,27.6,6.8,1971,1,2-комн,"Улица Дыбенко, Проспект Большевиков, Ломоносовская",6,"старый фонд требует ремонта, небольшая кухня, средний этаж, рядом с метро, дом сдан, заезжай и живи, просторная двухкомнатная квартира",9899000
5,52.4,33.0,8.1,1958,1,2-комн,"Новочеркасская, Ладожская, Чернышевская",5,"старый фонд требует ремонта, небольшая кухня, средний этаж, в шаговой доступности от метро, дом сдан, заезжай и живи, двушка с евроремонтом",9750000
22,39.2,15.3,12.5,2022,1,1-комн,"Парнас, Проспект Просвещения, Озерки",4,"новый дом комфорт-класса, кухня хорошей площади, высокий этаж с видом на город, в шаговой доступности от метро, дом сдан, заезжай и живи, однокомнатная квартира с хорошим ремонтом",9784320
2,57.2,38.9,6.3,1987,1,3-комн,"Комендантский проспект, Старая Деревня, Пионерская",6,"кирпичный дом советской постройки, небольшая кухня, уютный этаж в тихом доме, большая жилая площадь, рядом с метро, дом сдан, заезжай и живи, трёшка с хорошей планировкой",10000000
5,74.7,47.0,10.0,2010,1,3-комн,"Шушары, Купчино, Звездная",20,"дом 2000-х годов в хорошем состоянии, кухня хорошей площади, уютный этаж в тихом доме, транспортная доступность на машине, дом сдан, заезжай и живи, просторная трёхкомнатная с двумя санузлами",9600000
8,65.2,38.0,9.6,1974,1,3-комн,"Проспект Большевиков, Улица Дыбенко, Новочеркасская",9,"историческое здание сталинской постройки, небольшая кухня, уютный этаж в тихом доме, рядом с метро, дом сдан, заезжай и живи, трёшка с хорошей планировкой",10550000
10,72.1,47.2,8.6,2010,1,3-комн,"Ленинский проспект, Автово, Проспект Ветеранов",7,"дом 2000-х годов в хорошем состоянии, небольшая кухня, высокий этаж с видом на город, большая жилая площадь, рядом с метро, дом сдан, заезжай и живи, просторная трёхкомнатная с двумя санузлами",11500000
7,107.0,60.5,12.9,1982,1,5-комн,"Проспект Просвещения, Парнас, Гражданский проспект",6,"кирпичный дом советской постройки, кухня хорошей площади, уютный этаж в тихом доме, рядом с метро, дом сдан, заезжай и живи",11300000
10,52.2,20.0,11.2,1999,1,1-комн,"Политехническая, Проспект Просвещения, Гражданский проспект",5,"типовая панельная застройка, кухня хорошей площади, высокий этаж с видом на город, в шаговой доступности от метро, дом сдан, заезжай и живи, однокомнатная с балконом",11000000
5,44.7,18.3,12.8,1999,1,1-комн,"Приморская, Василеостровская, Спортивная",9,"кирпичный дом советской постройки, кухня хорошей площади, средний этаж, рядом с метро, дом сдан, заезжай и живи, однокомнатная квартира с хорошим ремонтом",10980000
1,73.7,48.7,15.0,1986,1,4-комн,"Комендантский проспект, Удельная, Пионерская",6,"типовая панельная застройка, просторная кухня-гостиная, первый этаж без балкона, большая жилая площадь, рядом с метро, дом сдан, заезжай и живи, четырёхкомнатная квартира премиум класса",11500000
1,44.0,12.9,15.7,2021,1,1-комн,"Московская, Звездная, Ленинский проспект",5,"новый дом комфорт-класса, просторная кухня-гостиная, первый этаж без балкона, в шаговой доступности от метро, дом сдан, заезжай и живи, однокомнатная квартира с хорошим ремонтом",10950000
5,34.75,20.4,5.7,2026,0,2-комн,"Политехническая, Площадь Мужества, Академическая",5,"новостройка бизнес-класса, небольшая кухня, уютный этаж в тихом доме, в шаговой доступности от метро, строящийся объект, сдача скоро, двухкомнатная квартира раздельные комнаты",10772500
2,36.98,10.1,19.2,2024,0,1-комн,Приморская,10,"новостройка бизнес-класса, просторная кухня-гостиная, средний этаж, рядом с метро, строящийся объект, сдача скоро, однокомнатная с балконом",11100000
11,52.7,38.7,9.0,2011,1,2-комн,"Беговая, Комендантский проспект, Старая Деревня",6,"улучшенная планировка, небольшая кухня, высокий этаж с видом на город, большая жилая площадь, рядом с метро, дом сдан, заезжай и живи, просторная двухкомнатная квартира",11700000
3,31.9,11.0,12.8,2023,1,1-комн,"Удельная, Площадь Мужества, Озерки",6,"новый дом комфорт-класса, кухня хорошей площади, средний этаж, рядом с метро, дом сдан, заезжай и живи, светлая однушка",11000000
6,58.6,37.5,7.0,1987,1,3-комн,"Комендантский проспект, Старая Деревня, Пионерская",5,"кирпичный дом советской постройки, небольшая кухня, уютный этаж в тихом доме, в шаговой доступности от метро, дом сдан, заезжай и живи, просторная трёхкомнатная с двумя санузлами",10700000
8,44.55,27.7,5.1,1965,1,2-комн,"Новочеркасская, Ладожская, Площадь Александра Невского",4,"историческое здание сталинской постройки, небольшая кухня, уютный этаж в тихом доме, в шаговой доступности от метро, дом сдан, заезжай и живи, просторная двухкомнатная квартира",11700000
1,34.9,10.0,16.2,2026,0,1-комн,"Лесная, Выборгская, Площадь Мужества",4,"новый дом комфорт-класса, просторная кухня-гостиная, первый этаж без балкона, в шаговой доступности от метро, строящийся объект, сдача скоро, светлая однушка",11071082
19,56.0,32.1,8.0,2019,1,2-комн,"Комендантский проспект, Удельная, Озерки",7,"современный монолитный дом, небольшая кухня, высокий этаж с видом на город, рядом с метро, дом сдан, заезжай и живи, просторная двухкомнатная квартира",11000000
5,65.7,36.7,11.0,2016,1,2-комн,"Купчино, Звездная, Шушары",15,"улучшенная планировка, кухня хорошей площади, средний этаж, транспортная доступность на машине, дом сдан, заезжай и живи, двухкомнатная квартира раздельные комнаты",11400000
1,36.7,23.9,6.5,1903,1,1-комн,"Василеостровская, Спортивная, Чкаловская",5,"старый фонд требует ремонта, небольшая кухня, первый этаж без балкона, большая жилая площадь, в шаговой доступности от метро, дом сдан, заезжай и живи, светлая однушка",10699999
4,75.1,45.3,10.0,1980,1,3-комн,"Проспект Большевиков, Улица Дыбенко, Ладожская",5,"типовая панельная застройка, кухня хорошей площади, средний этаж, в шаговой доступности от метро, дом сдан, заезжай и живи, трёшка с хорошей планировкой",11200000
2,50.99,22.1,17.4,2025,1,2-комн,"Проспект Ветеранов, Ленинский проспект, Автово",18,"новостройка бизнес-класса, просторная кухня-гостиная, уютный этаж в тихом доме, транспортная доступность на машине, дом сдан, заезжай и живи, двухкомнатная квартира раздельные комнаты",11500000
6,41.8,10.9,21.9,2023,1,1-комн,"Проспект Большевиков, Ломоносовская, Улица Дыбенко",6,"новый дом комфорт-класса, просторная кухня-гостиная, средний этаж, рядом с метро, дом сдан, заезжай и живи, светлая однушка",11400000
5,58.5,37.2,7.3,1987,1,3-комн,"Купчино, Звездная, Шушары",15,"панельный дом хрущёвской эпохи, небольшая кухня, средний этаж, транспортная доступность на машине, дом сдан, заезжай и живи, просторная трёхкомнатная с двумя санузлами",10900000
11,31.83,10.1,14.7,2024,1,1-комн,"Площадь Мужества, Политехническая, Озерки",5,"новостройка бизнес-класса, кухня хорошей площади, высокий этаж с видом на город, в шаговой доступности от метро, дом сдан, заезжай и живи, однокомнатная с балконом",11000000
6,109.3,45.5,33.0,2022,1,3-комн,"Фрунзенская, Технологический институт, Балтийская",6,"новый дом комфорт-класса, просторная кухня-гостиная, средний этаж, рядом с метро, дом сдан, заезжай и живи, трёхкомнатная квартира для большой семьи",49990000
1,170.0,92.0,13.5,1913,1,4-комн,"Чернышевская, Площадь Восстания, Маяковская",7,"дореволюционный дом с высокими потолками, кухня хорошей площади, первый этаж без балкона, рядом с метро, дом сдан, заезжай и живи, многокомнатная квартира тихий центр",55000000
10,173.4,78.9,74.9,2007,1,4-комн,"Старая Деревня, Крестовский остров, Черная речка",4,"дом 2000-х годов в хорошем состоянии, просторная кухня-гостиная, высокий этаж с видом на город, в шаговой доступности от метро, дом сдан, заезжай и живи, большая четырёхкомнатная дизайнерский ремонт",55000000
7,141.2,70.0,27.6,2007,1,3-комн,"Площадь Восстания, Чернышевская, Маяковская",14,"дом 2000-х годов в хорошем состоянии, просторная кухня-гостиная, средний этаж, транспортная доступность на машине, дом сдан, заезжай и живи, трёхкомнатная квартира для большой семьи",55700000
2,166.7,92.9,25.8,1887,1,3-комн,"Чернышевская, Площадь Ленина, Площадь Восстания",6,"историческое здание сталинской постройки, просторная кухня-гостиная, уютный этаж в тихом доме, рядом с метро, дом сдан, заезжай и живи, трёхкомнатная квартира для большой семьи",61000000
4,118.1,71.8,16.7,2019,1,3-комн,"Выборгская, Петроградская, Площадь Ленина",7,"современный монолитный дом, просторная кухня-гостиная, средний этаж, рядом с метро, дом сдан, заезжай и живи, трёхкомнатная квартира для большой семьи",53000000
7,161.0,98.1,30.0,2014,1,3-комн,"Старая Деревня, Черная речка, Беговая",32,"улучшенная планировка, просторная кухня-гостиная, средний этаж, транспортная доступность на машине, дом сдан, заезжай и живи, трёшка с хорошей планировкой",49900000
14,207.0,90.0,54.0,2019,1,4-комн,"Новочеркасская, Ладожская, Площадь Александра Невского",4,"дом 2000-х годов в хорошем состоянии, просторная кухня-гостиная, высокий этаж с видом на город, в шаговой доступности от метро, дом сдан, заезжай и живи, большая четырёхкомнатная дизайнерский ремонт",64900000
17,210.0,94.6,12.8,2007,1,4-комн,"Беговая, Комендантский проспект, Черная речка",8,"дом 2000-х годов в хорошем состоянии, кухня хорошей площади, высокий этаж с видом на город, рядом с метро, дом сдан, заезжай и живи, четырёхкомнатная квартира премиум класса",57000000
16,142.3,88.0,16.0,2015,1,4-комн,"Новочеркасская, Площадь Ленина, Площадь Александра Невского",5,"дом 2000-х годов в хорошем состоянии, просторная кухня-гостиная, высокий этаж с видом на город, в шаговой доступности от метро, дом сдан, заезжай и живи, большая четырёхкомнатная дизайнерский ремонт",50000000
5,216.4,147.7,34.1,1901,1,4-комн,"Спортивная, Чкаловская, Горьковская",6,"старый фонд требует ремонта, просторная кухня-гостиная, уютный этаж в тихом доме, большая жилая площадь, рядом с метро, дом сдан, заезжай и живи, многокомнатная квартира тихий центр",51900000
5,122.6,43.0,49.9,2015,1,3-комн,"Черная речка, Старая Деревня, Пионерская",5,"улучшенная планировка, просторная кухня-гостиная, средний этаж, в шаговой доступности от метро, дом сдан, заезжай и живи, трёхкомнатная квартира для большой семьи",52900000
4,314.0,157.0,60.0,1843,1,Многокомнатна,"Василеостровская, Горный институт, Спортивная",5,"историческое здание сталинской постройки, просторная кухня-гостиная, средний этаж, в шаговой доступности от метро, дом сдан, заезжай и живи",59000000
4,121.0,63.0,30.0,2015,1,3-комн,"Чкаловская, Крестовский остров, Петроградская",4,"улучшенная планировка, просторная кухня-гостиная, средний этаж, в шаговой доступности от метро, дом сдан, заезжай и живи, просторная трёхкомнатная с двумя санузлами",60000000
8,124.0,59.4,26.1,2024,1,4-комн,"Крестовский остров, Спортивная, Зенит",6,"новостройка с современной отделкой, просторная кухня-гостиная, уютный этаж в тихом доме, рядом с метро, дом сдан, заезжай и живи, большая четырёхкомнатная дизайнерский ремонт",57200000
7,84.8,27.5,28.0,2022,1,2-комн,"Фрунзенская, Балтийская, Технологический институт",2,"новостройка бизнес-класса, просторная кухня-гостиная, уютный этаж в тихом доме, в шаговой доступности от метро, дом сдан, заезжай и живи, двушка с евроремонтом",49990000
5,110.0,70.1,10.5,1995,1,4-комн,"Петроградская, Чкаловская, Горьковская",5,"панельный дом хрущёвской эпохи, кухня хорошей площади, уютный этаж в тихом доме, в шаговой доступности от метро, дом сдан, заезжай и живи, большая четырёхкомнатная дизайнерский ремонт",65000000
4,99.6,47.0,36.0,1910,1,3-комн,"Горьковская, Петроградская, Чкаловская",12,"дореволюционный дом с высокими потолками, просторная кухня-гостиная, средний этаж, транспортная доступность на машине, дом сдан, заезжай и живи, просторная трёхкомнатная с двумя санузлами",63900000
7,144.9,68.2,53.7,2017,1,4-комн,"Приморская, Василеостровская, Чкаловская",5,"современный монолитный дом, просторная кухня-гостиная, уютный этаж в тихом доме, в шаговой доступности от метро, дом сдан, заезжай и живи, большая четырёхкомнатная дизайнерский ремонт",57400000
4,110.7,39.8,39.1,1904,1,3-комн,"Чернышевская, Площадь Александра Невского, Площадь Восстания",6,"историческое здание сталинской постройки, просторная кухня-гостиная, уютный этаж в тихом доме, рядом с метро, дом сдан, заезжай и живи, просторная трёхкомнатная с двумя санузлами",57000000
11,140.6,51.2,65.2,2017,1,3-комн,"Чкаловская, Крестовский остров, Спортивная",22,"улучшенная планировка, просторная кухня-гостиная, высокий этаж с видом на город, транспортная доступность на машине, дом сдан, заезжай и живи, просторная трёхкомнатная с двумя санузлами",57000000
22,160.0,103.0,17.0,2014,1,3-комн,"Беговая, Старая Деревня, Комендантский проспект",7,"дом 2000-х годов в хорошем состоянии, просторная кухня-гостиная, высокий этаж с видом на город, рядом с метро, дом сдан, заезжай и живи, просторная трёхкомнатная с двумя санузлами",49000000
4,110.6,51.9,37.0,1842,1,4-комн,"Достоевская, Владимирская, Звенигородская",6,"старый фонд требует ремонта, просторная кухня-гостиная, уютный этаж в тихом доме, рядом с метро, дом сдан, заезжай и живи, четырёхкомнатная квартира премиум класса",44000000
2,116.5,44.5,37.7,2020,1,4-комн,"Крестовский остров, Чкаловская, Василеостровская",4,"новостройка с современной отделкой, просторная кухня-гостиная, уютный этаж в тихом доме, в шаговой доступности от метро, дом сдан, заезжай и живи, многокомнатная квартира тихий центр",44000000
4,200.0,101.9,14.4,2006,1,5-комн,"Приморская, Василеостровская, Крестовский остров",8,"современный монолитный дом, кухня хорошей площади, средний этаж, рядом с метро, дом сдан, заезжай и живи",45300000
3,101.8,47.7,18.5,2009,1,3-комн,"Чернышевская, Площадь Александра Невского, Площадь Восстания",6,"современный монолитный дом, просторная кухня-гостиная, уютный этаж в тихом доме, рядом с метро, дом сдан, заезжай и живи, трёхкомнатная квартира для большой семьи",41738000
2,84.0,44.4,12.0,2011,1,2-комн,"Чернышевская, Площадь Восстания, Маяковская",10,"современный монолитный дом, кухня хорошей площади, уютный этаж в тихом доме, рядом с метро, дом сдан, заезжай и живи, двушка с евроремонтом",47000000
17,135.0,88.9,23.0,2016,1,4-комн,"Фрунзенская, Московские ворота, Технологический институт",10,"дом 2000-х годов в хорошем состоянии, просторная кухня-гостиная, высокий этаж с видом на город, большая жилая площадь, рядом с метро, дом сдан, заезжай и живи, четырёхкомнатная квартира премиум класса",43800000
2,97.8,37.3,36.0,2016,1,3-комн,"Площадь Ленина, Новочеркасская, Выборгская",5,"современный монолитный дом, просторная кухня-гостиная, уютный этаж в тихом доме, в шаговой доступности от метро, дом сдан, заезжай и живи, просторная трёхкомнатная с двумя санузлами",42000000
15,134.65,58.8,38.4,2023,1,4-комн,"Приморская, Василеостровская, Спортивная",8,"новый дом комфорт-класса, просторная кухня-гостиная, высокий этаж с видом на город, рядом с метро, дом сдан, заезжай и живи, четырёхкомнатная квартира премиум класса",47000000
2,124.6,81.4,18.0,1905,1,4-комн,"Спасская, Сенная площадь, Адмиралтейская",10,"историческое здание сталинской постройки, просторная кухня-гостиная, уютный этаж в тихом доме, большая жилая площадь, рядом с метро, дом сдан, заезжай и живи, многокомнатная квартира тихий центр",44900000
4,78.0,31.9,19.0,2022,1,2-комн,"Чкаловская, Василеостровская, Спортивная",4,"новостройка бизнес-класса, просторная кухня-гостиная, средний этаж, в шаговой доступности от метро, дом сдан, заезжай и живи, просторная двухкомнатная квартира",45000000
4,96.0,66.0,18.0,1913,1,3-комн,"Петроградская, Черная речка, Чкаловская",14,"старый фонд требует ремонта, просторная кухня-гостиная, уютный этаж в тихом доме, большая жилая площадь, транспортная доступность на машине, дом сдан, заезжай и живи, трёхкомнатная квартира для большой семьи",45000000
4,95.0,24.6,46.7,2003,1,3-комн,"Садовая, Сенная площадь, Спасская",11,"дом 2000-х годов в хорошем состоянии, просторная кухня-гостиная, средний этаж, транспортная доступность на машине, дом сдан, заезжай и живи, трёшка с хорошей планировкой",43000000
2,133.4,76.4,15.7,2000,1,4-комн,"Чернышевская, Площадь Ленина, Площадь Восстания",7,"современный монолитный дом, просторная кухня-гостиная, уютный этаж в тихом доме, рядом с метро, дом сдан, заезжай и живи, четырёхкомнатная квартира премиум класса",49500000
6,117.0,43.1,43.8,2022,1,3-комн,"Крестовский остров, Спортивная, Чкаловская",5,"новый дом комфорт-класса, просторная кухня-гостиная, уютный этаж в тихом доме, в шаговой доступности от метро, дом сдан, заезжай и живи, просторная трёхкомнатная с двумя санузлами",42000000
1,84.0,42.1,16.2,2014,1,2-комн,"Ленинский проспект, Автово, Проспект Ветеранов",11,"дом 2000-х годов в хорошем состоянии, просторная кухня-гостиная, первый этаж без балкона, транспортная доступность на машине, дом сдан, заезжай и живи, просторная двухкомнатная квартира",44450000
2,83.1,64.2,8.0,2023,1,3-комн,"Чкаловская, Петроградская, Спортивная",5,"новостройка бизнес-класса, небольшая кухня, уютный этаж в тихом доме, большая жилая площадь, в шаговой доступности от метро, дом сдан, заезжай и живи, трёшка с хорошей планировкой",42000000
5,184.3,119.9,22.6,1901,1,5-комн,"Чернышевская, Площадь Ленина, Маяковская",8,"историческое здание сталинской постройки, просторная кухня-гостиная, уютный этаж в тихом доме, большая жилая площадь, рядом с метро, дом сдан, заезжай и живи",40997000
6,103.5,57.0,18.0,1862,1,4-комн,"Чернышевская, Площадь Восстания, Гостиный двор",5,"историческое здание сталинской постройки, просторная кухня-гостиная, уютный этаж в тихом доме, в шаговой доступности от метро, дом сдан, заезжай и живи, четырёхкомнатная квартира премиум класса",44000000
5,75.6,32.6,23.0,2026,1,2-комн,"Спортивная, Чкаловская, Василеостровская",4,"новостройка бизнес-класса, просторная кухня-гостиная, уютный этаж в тихом доме, в шаговой доступности от метро, дом сдан, заезжай и живи, просторная двухкомнатная квартира",44000000
3,99.5,52.4,8.5,1826,1,3-комн,"Адмиралтейская, Гостиный двор, Невский проспект",3,"дореволюционный дом с высокими потолками, небольшая кухня, средний этаж, в шаговой доступности от метро, дом сдан, заезжай и живи, трёшка с хорошей планировкой",41478000
2,121.2,86.4,20.0,2016,1,3-комн,"Беговая, Комендантский проспект, Черная речка",11,"современный монолитный дом, просторная кухня-гостиная, средний этаж, большая жилая площадь, транспортная доступность на машине, дом сдан, заезжай и живи, трёшка с хорошей планировкой",41000000
9,33.8,15.0,10.4,2024,0,1-комн,"Рыбацкое, Обухово, Пролетарская",18,"новостройка бизнес-класса, кухня хорошей площади, уютный этаж в тихом доме, транспортная доступность на машине, строящийся объект, сдача скоро, однокомнатная с балконом",5820588
8,39.67,17.3,13.1,2025,0,1-комн,"Шушары, Дунайская, Обухово",11,"новостройка с современной отделкой, кухня хорошей площади, уютный этаж в тихом доме, транспортная доступность на машине, строящийся объект, сдача скоро, светлая однушка",5752150
2,31.7,16.7,7.0,2024,0,Студия,"Парнас, Проспект Просвещения, Озерки",22,"новостройка бизнес-класса, небольшая кухня, уютный этаж в тихом доме, транспортная доступность на машине, строящийся объект, сдача скоро, студия с открытой планировкой",5842614
22,35.4,17.0,11.0,2022,1,1-комн,"Ломоносовская, Пролетарская, Улица Дыбенко",9,"новый дом комфорт-класса, кухня хорошей площади, высокий этаж с видом на город, рядом с метро, дом сдан, заезжай и живи, однокомнатная квартира с хорошим ремонтом",5750000
5,21.65,10.8,5.4,2025,0,Студия,"Автово, Кировский завод, Ленинский проспект",6,"новостройка с современной отделкой, небольшая кухня, средний этаж, рядом с метро, строящийся объект, сдача скоро, компактная студия евроремонт",5897460
10,33.75,13.2,13.5,2025,0,1-комн,"Елизаровская, Улица Дыбенко, Проспект Большевиков",7,"новостройка бизнес-класса, кухня хорошей площади, высокий этаж с видом на город, рядом с метро, строящийся объект, сдача скоро, однокомнатная квартира с хорошим ремонтом",5818078
11,33.13,13.5,10.4,2024,0,1-комн,"Рыбацкое, Обухово, Пролетарская",18,"новый дом комфорт-класса, кухня хорошей площади, высокий этаж с видом на город, транспортная доступность на машине, строящийся объект, сдача скоро, светлая однушка",5788806
2,21.34,9.9,5.9,2027,0,Студия,"Улица Дыбенко, Елизаровская, Ломоносовская",6,"новостройка бизнес-класса, небольшая кухня, средний этаж, рядом с метро, строящийся объект, сдача скоро, студия с открытой планировкой",5911180
2,30.7,17.0,5.4,1968,1,1-комн,"Купчино, Звездная, Шушары",17,"историческое здание сталинской постройки, небольшая кухня, средний этаж, транспортная доступность на машине, дом сдан, заезжай и живи, светлая однушка",5800000
3,32.0,12.3,10.1,2024,0,1-комн,"Рыбацкое, Обухово, Пролетарская",22,"новостройка с современной отделкой, кухня хорошей площади, средний этаж, транспортная доступность на машине, строящийся объект, сдача скоро, однокомнатная с балконом",5822880
2,36.78,12.8,16.5,2025,0,1-комн,"Елизаровская, Улица Дыбенко, Проспект Большевиков",7,"новостройка с современной отделкой, просторная кухня-гостиная, средний этаж, рядом с метро, строящийся объект, сдача скоро, однокомнатная квартира с хорошим ремонтом",5994220
15,23.35,14.4,4.0,2025,0,Апартаменты-студия,"Ладожская, Новочеркасская, Площадь Александра Невского",4,"новостройка бизнес-класса, небольшая кухня, высокий этаж с видом на город, в шаговой доступности от метро, строящийся объект, сдача скоро, уютная студия для молодой пары",5934636
1,45.54,13.8,18.5,2026,0,1-комн,"Рыбацкое, Обухово, Пролетарская",18,"новый дом комфорт-класса, просторная кухня-гостиная, первый этаж без балкона, транспортная доступность на машине, строящийся объект, сдача скоро, однокомнатная с балконом",5879943
8,29.49,12.4,6.8,2025,0,Студия,"Проспект Ветеранов, Ленинский проспект, Автово",11,"новостройка бизнес-класса, небольшая кухня, уютный этаж в тихом доме, транспортная доступность на машине, строящийся объект, сдача скоро, компактная студия евроремонт",5996576
12,18.24,6.3,5.2,2027,0,Студия,"Улица Дыбенко, Елизаровская, Ломоносовская",6,"новостройка бизнес-класса, небольшая кухня, высокий этаж с видом на город, рядом с метро, строящийся объект, сдача скоро, компактная студия евроремонт",5982720
3,34.78,10.8,14.5,2025,0,1-комн,"Елизаровская, Улица Дыбенко, Проспект Большевиков",7,"новостройка бизнес-класса, кухня хорошей площади, уютный этаж в тихом доме, рядом с метро, строящийся объект, сдача скоро, однокомнатная с балконом",5966943
9,33.81,12.9,12.0,2026,0,1-комн,"Елизаровская, Улица Дыбенко, Проспект Большевиков",7,"новый дом комфорт-класса, кухня хорошей площади, средний этаж, рядом с метро, строящийся объект, сдача скоро, светлая однушка",5945065
5,47.4,27.0,9.3,2021,1,2-комн,"Шушары, Купчино, Дунайская",16,"новостройка с современной отделкой, небольшая кухня, уютный этаж в тихом доме, транспортная доступность на машине, дом сдан, заезжай и живи, двушка с евроремонтом",5960000
20,30.59,10.1,15.0,2024,0,1-комн,"Академическая, Гражданский проспект, Девяткино",6,"новостройка бизнес-класса, просторная кухня-гостиная, высокий этаж с видом на город, рядом с метро, строящийся объект, сдача скоро, светлая однушка",5961991
3,26.58,14.0,5.3,2024,0,Студия,"Шушары, Обухово, Дунайская",17,"новый дом комфорт-класса, небольшая кухня, средний этаж, транспортная доступность на машине, строящийся объект, сдача скоро, уютная студия для молодой пары",5887269
5,44.2,18.4,13.3,2014,1,1-комн,"Беговая, Старая Деревня, Комендантский проспект",15,"улучшенная планировка, кухня хорошей площади, средний этаж, транспортная доступность на машине, дом сдан, заезжай и живи, светлая однушка",5900000
3,21.44,10.1,5.3,2025,0,Студия,"Автово, Кировский завод, Ленинский проспект",6,"новый дом комфорт-класса, небольшая кухня, уютный этаж в тихом доме, рядом с метро, строящийся объект, сдача скоро, студия с открытой планировкой",5840256
5,30.3,16.2,5.7,1962,1,1-комн,"Черная речка, Пионерская, Удельная",6,"историческое здание сталинской постройки, небольшая кухня, уютный этаж в тихом доме, рядом с метро, дом сдан, заезжай и живи, светлая однушка",5750000
2,46.99,14.6,19.7,2026,0,1-комн,"Рыбацкое, Обухово, Пролетарская",18,"новостройка с современной отделкой, просторная кухня-гостиная, средний этаж, транспортная доступность на машине, строящийся объект, сдача скоро, однокомнатная с балконом",5977122
2,38.86,11.4,17.0,2026,0,1-комн,"Рыбацкое, Обухово, Пролетарская",17,"новостройка бизнес-класса, просторная кухня-гостиная, уютный этаж в тихом доме, транспортная доступность на машине, строящийся объект, сдача скоро, светлая однушка",5754440
10,24.58,11.0,5.2,2026,0,Студия,"Рыбацкое, Обухово, Пролетарская",4,"новостройка бизнес-класса, небольшая кухня, высокий этаж с видом на город, в шаговой доступности от метро, строящийся объект, сдача скоро, компактная студия евроремонт",6032153
2,31.78,10.2,12.1,2025,0,1-комн,"Купчино, Звездная, Дунайская",3,"новостройка бизнес-класса, кухня хорошей площади, средний этаж, в шаговой доступности от метро, строящийся объект, сдача скоро, светлая однушка",6184770
5,49.4,30.2,8.0,1977,1,2-комн,"Ладожская, Проспект Большевиков, Улица Дыбенко",12,"старый фонд требует ремонта, небольшая кухня, средний этаж, транспортная доступность на машине, дом сдан, заезжай и живи, двушка с евроремонтом",6250000
4,45.5,30.7,6.2,1966,1,2-комн,"Академическая, Гражданский проспект, Политехническая",6,"старый фонд требует ремонта, небольшая кухня, уютный этаж в тихом доме, большая жилая площадь, рядом с метро, дом сдан, заезжай и живи, просторная двухкомнатная квартира",6050000
2,32.54,22.0,5.0,2025,0,Апартаменты-студия,"Ладожская, Новочеркасская, Площадь Александра Невского",4,"новостройка с современной отделкой, небольшая кухня, средний этаж, большая жилая площадь, в шаговой доступности от метро, строящийся объект, сдача скоро, уютная студия для молодой пары",6129559
8,22.5,10.8,4.0,2026,0,Студия,"Рыбацкое, Обухово, Пролетарская",10,"новостройка с современной отделкой, небольшая кухня, уютный этаж в тихом доме, рядом с метро, строящийся объект, сдача скоро, компактная студия евроремонт",6013868
1,37.22,9.4,18.1,2026,0,2-комн,"Проспект Ветеранов, Ленинский проспект, Автово",24,"новостройка с современной отделкой, просторная кухня-гостиная, первый этаж без балкона, транспортная доступность на машине, строящийся объект, сдача скоро, просторная двухкомнатная квартира",6159910
5,27.6,14.4,3.3,2024,0,Студия,"Парнас, Проспект Просвещения, Озерки",23,"новостройка бизнес-класса, небольшая кухня, средний этаж, транспортная доступность на машине, строящийся объект, сдача скоро, студия с открытой планировкой",6107797
15,24.29,14.3,5.0,2025,0,Апартаменты-студия,"Ладожская, Новочеркасская, Площадь Александра Невского",4,"новостройка с современной отделкой, небольшая кухня, высокий этаж с видом на город, в шаговой доступности от метро, строящийся объект, сдача скоро, компактная студия евроремонт",6062055
2,33.9,11.3,16.0,2026,0,1-комн,"Ломоносовская, Елизаровская, Улица Дыбенко",6,"новый дом комфорт-класса, просторная кухня-гостиная, уютный этаж в тихом доме, рядом с метро, строящийся объект, сдача скоро, однокомнатная с балконом",6254550
15,30.57,10.1,9.5,2025,0,1-комн,"Рыбацкое, Обухово, Пролетарская",5,"новостройка бизнес-класса, небольшая кухня, высокий этаж с видом на город, в шаговой доступности от метро, строящийся объект, сдача скоро, однокомнатная с балконом",6264462
8,19.2,7.6,5.1,2024,1,Студия,"Приморская, Горный институт, Зенит",6,"новостройка с современной отделкой, небольшая кухня, уютный этаж в тихом доме, рядом с метро, дом сдан, заезжай и живи, уютная студия для молодой пары",6144000
3,34.13,12.6,10.1,2024,0,1-комн,"Рыбацкое, Обухово, Пролетарская",22,"новый дом комфорт-класса, кухня хорошей площади, уютный этаж в тихом доме, транспортная доступность на машине, строящийся объект, сдача скоро, светлая однушка",6032068
1,56.2,30.3,8.4,1950,1,2-комн,"Рыбацкое, Пролетарская, Обухово",11,"дореволюционный дом с высокими потолками, небольшая кухня, первый этаж без балкона, транспортная доступность на машине, дом сдан, заезжай и живи, просторная двухкомнатная квартира",6200000
4,31.2,16.8,5.2,1961,1,1-комн,"Пионерская, Черная речка, Удельная",5,"старый фонд требует ремонта, небольшая кухня, средний этаж, в шаговой доступности от метро, дом сдан, заезжай и живи, однокомнатная с балконом",5900000
13,20.2,8.6,3.2,2024,1,Студия,"Парнас, Проспект Просвещения, Озерки",5,"новостройка бизнес-класса, небольшая кухня, высокий этаж с видом на город, в шаговой доступности от метро, дом сдан, заезжай и живи, уютная студия для молодой пары",6193320
3,41.35,13.9,17.0,2026,0,1-комн,"Рыбацкое, Обухово, Пролетарская",17,"новостройка с современной отделкой, просторная кухня-гостиная, уютный этаж в тихом доме, транспортная доступность на машине, строящийся объект, сдача скоро, однокомнатная квартира с хорошим ремонтом",6179250
2,39.73,13.0,14.2,2026,0,1-комн,"Рыбацкое, Обухово, Пролетарская",17,"новостройка бизнес-класса, кухня хорошей площади, уютный этаж в тихом доме, транспортная доступность на машине, строящийся объект, сдача скоро, светлая однушка",5967880
8,35.2,11.3,12.5,2026,0,1-комн,"Проспект Ветеранов, Ленинский проспект, Автово",24,"новый дом комфорт-класса, кухня хорошей площади, средний этаж, транспортная доступность на машине, строящийся объект, сдача скоро, светлая однушка",6019200
4,35.05,10.1,15.1,2024,1,1-комн,"Звездная, Московская, Купчино",19,"новостройка с современной отделкой, просторная кухня-гостиная, средний этаж, транспортная доступность на машине, дом сдан, заезжай и живи, светлая однушка",6190000
5,49.5,38.0,6.5,1965,1,4-комн,"Проспект Ветеранов, Ленинский проспект, Автово",7,"дореволюционный дом с высокими потолками, небольшая кухня, уютный этаж в тихом доме, большая жилая площадь, рядом с метро, дом сдан, заезжай и живи, четырёхкомнатная квартира премиум класса",6290000
3,36.7,22.0,6.0,1981,1,Апартаменты-студия,"Ленинский проспект, Проспект Ветеранов, Автово",10,"панельный дом хрущёвской эпохи, небольшая кухня, средний этаж, рядом с метро, дом сдан, заезжай и живи, уютная студия для молодой пары",6299851
6,24.0,13.0,3.0,2019,1,Студия,"Комендантский проспект, Озерки, Пионерская",6,"улучшенная планировка, небольшая кухня, уютный этаж в тихом доме, рядом с метро, дом сдан, заезжай и живи, компактная студия евроремонт",6000000
2,26.82,8.3,7.1,2025,0,Студия,"Проспект Ветеранов, Ленинский проспект, Автово",11,"новый дом комфорт-класса, небольшая кухня, средний этаж, транспортная доступность на машине, строящийся объект, сдача скоро, компактная студия евроремонт",6118044
3,35.92,9.4,16.8,2026,0,2-комн,"Проспект Ветеранов, Ленинский проспект, Автово",24,"новостройка бизнес-класса, просторная кухня-гостиная, средний этаж, транспортная доступность на машине, строящийся объект, сдача скоро, просторная двухкомнатная квартира",6142320
5,37.54,14.7,16.0,2025,0,1-комн,"Купчино, Шушары, Обухово",13,"новостройка бизнес-класса, просторная кухня-гостиная, уютный этаж в тихом доме, транспортная доступность на машине, строящийся объект, сдача скоро, однокомнатная с балконом",5916773
1,27.7,12.2,5.1,2026,0,Студия,"Московская, Звездная, Купчино",15,"новый дом комфорт-класса, небольшая кухня, первый этаж без балкона, транспортная доступность на машине, строящийся объект, сдача скоро, студия с открытой планировкой",6013670
11,38.18,18.0,11.2,2026,0,1-комн,"Рыбацкое, Обухово, Пролетарская",19,"новый дом комфорт-класса, кухня хорошей площади, высокий этаж с видом на город, транспортная доступность на машине, строящийся объект, сдача скоро, светлая однушка",4680455
2,26.3,10.3,9.3,2025,0,1-комн,Академическая,19,"новостройка с современной отделкой, небольшая кухня, средний этаж, транспортная доступность на машине, строящийся объект, сдача скоро, светлая однушка",4426290
6,25.4,11.9,5.0,2024,0,Студия,Академическая,17,"новый дом комфорт-класса, небольшая кухня, средний этаж, транспортная доступность на машине, строящийся объект, сдача скоро, студия с открытой планировкой",4653280
2,27.3,10.3,9.3,2025,0,1-комн,Академическая,19,"новостройка с современной отделкой, небольшая кухня, средний этаж, транспортная доступность на машине, строящийся объект, сдача скоро, однокомнатная квартира с хорошим ремонтом",4545450
1,21.8,10.0,5.0,2026,0,Студия,"Московская, Звездная, Купчино",15,"новый дом комфорт-класса, небольшая кухня, первый этаж без балкона, транспортная доступность на машине, строящийся объект, сдача скоро, студия с открытой планировкой",4412320
4,29.1,16.7,5.3,1970,1,1-комн,"Звездная, Купчино, Московская",9,"старый фонд требует ремонта, небольшая кухня, средний этаж, рядом с метро, дом сдан, заезжай и живи, однокомнатная с балконом",4500000
11,35.68,12.7,10.6,2026,0,1-комн,"Рыбацкое, Обухово, Пролетарская",18,"новый дом комфорт-класса, кухня хорошей площади, высокий этаж с видом на город, транспортная доступность на машине, строящийся объект, сдача скоро, однокомнатная с балконом",4712761
9,32.54,12.2,10.3,2025,0,1-комн,"Купчино, Шушары, Обухово",13,"новостройка с современной отделкой, кухня хорошей площади, уютный этаж в тихом доме, транспортная доступность на машине, строящийся объект, сдача скоро, однокомнатная квартира с хорошим ремонтом",4780939
15,31.4,9.8,15.4,2026,0,1-комн,"Академическая, Гражданский проспект, Девяткино",10,"новостройка с современной отделкой, просторная кухня-гостиная, высокий этаж с видом на город, рядом с метро, строящийся объект, сдача скоро, однокомнатная квартира с хорошим ремонтом",4731980
3,31.72,9.7,15.0,2025,0,1-комн,"Купчино, Шушары, Обухово",13,"новостройка бизнес-класса, просторная кухня-гостиная, средний этаж, транспортная доступность на машине, строящийся объект, сдача скоро, однокомнатная с балконом",4690198
14,21.07,11.0,3.0,2025,0,Студия,"Рыбацкое, Обухово, Пролетарская",5,"новый дом комфорт-класса, небольшая кухня, высокий этаж с видом на город, в шаговой доступности от метро, строящийся объект, сдача скоро, студия с открытой планировкой",4481122
3,21.4,10.0,5.0,2026,0,Студия,"Московская, Звездная, Купчино",15,"новый дом комфорт-класса, небольшая кухня, уютный этаж в тихом доме, транспортная доступность на машине, строящийся объект, сдача скоро, компактная студия евроремонт",4697300
4,30.5,13.2,7.6,2025,0,1-комн,Академическая,19,"новостройка бизнес-класса, небольшая кухня, средний этаж, транспортная доступность на машине, строящийся объект, сдача скоро, светлая однушка",4693950
3,24.7,13.9,5.0,2026,0,Студия,"Ломоносовская, Елизаровская, Улица Дыбенко",6,"новостройка бизнес-класса, небольшая кухня, уютный этаж в тихом доме, рядом с метро, строящийся объект, сдача скоро, компактная студия евроремонт",4734990
4,30.2,18.6,6.0,1960,1,1-комн,"Купчино, Звездная, Шушары",18,"дореволюционный дом с высокими потолками, небольшая кухня, средний этаж, транспортная доступность на машине, дом сдан, заезжай и живи, однокомнатная с балконом",4790000
1,32.8,12.3,6.9,1974,1,1-комн,"Озерки, Проспект Просвещения, Парнас",25,"историческое здание сталинской постройки, небольшая кухня, первый этаж без балкона, транспортная доступность на машине, дом сдан, заезжай и живи, светлая однушка",4750000
1,43.3,25.2,8.0,2021,1,2-комн,"Шушары, Купчино, Дунайская",16,"новый дом комфорт-класса, небольшая кухня, первый этаж без балкона, транспортная доступность на машине, дом сдан, заезжай и живи, двухкомнатная квартира раздельные комнаты",4798000
5,20.34,8.6,3.3,2024,0,Студия,"Парнас, Проспект Просвещения, Озерки",21,"новый дом комфорт-класса, небольшая кухня, уютный этаж в тихом доме, транспортная доступность на машине, строящийся объект, сдача скоро, уютная студия для молодой пары",4791044
5,23.4,10.2,5.0,2023,0,Студия,"Купчино, Звездная, Шушары",5,"новый дом комфорт-класса, небольшая кухня, уютный этаж в тихом доме, в шаговой доступности от метро, строящийся объект, сдача скоро, компактная студия евроремонт",4492800
5,30.5,16.0,7.0,1962,1,1-комн,"Ломоносовская, Улица Дыбенко, Пролетарская",4,"старый фонд требует ремонта, небольшая кухня, уютный этаж в тихом доме, в шаговой доступности от метро, дом сдан, заезжай и живи, однокомнатная квартира с хорошим ремонтом",4750000
1,19.78,9.0,5.1,2026,0,Студия,"Рыбацкое, Обухово, Пролетарская",4,"новостройка с современной отделкой, небольшая кухня, первый этаж без балкона, в шаговой доступности от метро, строящийся объект, сдача скоро, компактная студия евроремонт",4556283
8,25.5,11.9,5.0,2024,0,Студия,Академическая,17,"новостройка с современной отделкой, небольшая кухня, уютный этаж в тихом доме, транспортная доступность на машине, строящийся объект, сдача скоро, студия с открытой планировкой",4671600
1,27.5,10.2,9.4,2025,0,1-комн,Академическая,19,"новостройка бизнес-класса, небольшая кухня, первый этаж без балкона, транспортная доступность на машине, строящийся объект, сдача скоро, светлая однушка",4603500
8,32.2,12.5,14.1,2026,0,1-комн,"Академическая, Гражданский проспект, Девяткино",9,"новый дом комфорт-класса, кухня хорошей площади, средний этаж, рядом с метро, строящийся объект, сдача скоро, однокомнатная с балконом",4762380
17,24.6,11.6,5.2,2023,0,Студия,"Купчино, Звездная, Шушары",5,"новостройка бизнес-класса, небольшая кухня, высокий этаж с видом на город, в шаговой доступности от метро, строящийся объект, сдача скоро, студия с открытой планировкой",4575600
3,42.0,28.0,5.0,1971,1,2-комн,"Шушары, Купчино, Звездная",14,"дореволюционный дом с высокими потолками, небольшая кухня, средний этаж, большая жилая площадь, транспортная доступность на машине, дом сдан, заезжай и живи, двухкомнатная квартира раздельные комнаты",4500000
11,36.78,12.0,10.8,2026,0,1-комн,"Рыбацкое, Обухово, Пролетарская",19,"новый дом комфорт-класса, кухня хорошей площади, высокий этаж с видом на город, транспортная доступность на машине, строящийся объект, сдача скоро, светлая однушка",4506064
7,34.79,10.5,10.2,2026,0,1-комн,"Рыбацкое, Обухово, Пролетарская",19,"новостройка бизнес-класса, кухня хорошей площади, средний этаж, транспортная доступность на машине, строящийся объект, сдача скоро, светлая однушка",4453851
11,24.85,12.7,5.1,2024,0,Студия,"Рыбацкое, Обухово, Пролетарская",18,"новостройка с современной отделкой, небольшая кухня, высокий этаж с видом на город, транспортная доступность на машине, строящийся объект, сдача скоро, студия с открытой планировкой",4192637
9,32.2,15.3,11.0,2021,1,1-комн,"Шушары, Купчино, Дунайская",16,"новый дом комфорт-класса, кухня хорошей площади, уютный этаж в тихом доме, транспортная доступность на машине, дом сдан, заезжай и живи, однокомнатная квартира с хорошим ремонтом",4382000
3,24.4,11.2,5.0,2023,0,Студия,"Купчино, Звездная, Шушары",5,"новый дом комфорт-класса, небольшая кухня, средний этаж, в шаговой доступности от метро, строящийся объект, сдача скоро, уютная студия для молодой пары",4440800
7,32.89,10.5,14.1,2026,0,1-комн,"Рыбацкое, Обухово, Пролетарская",19,"новостройка бизнес-класса, кухня хорошей площади, уютный этаж в тихом доме, транспортная доступность на машине, строящийся объект, сдача скоро, однокомнатная квартира с хорошим ремонтом",4361576
7,34.48,10.2,15.3,2026,0,1-комн,"Рыбацкое, Обухово, Пролетарская",19,"новый дом комфорт-класса, просторная кухня-гостиная, средний этаж, транспортная доступность на машине, строящийся объект, сдача скоро, светлая однушка",4415474
1,21.8,10.0,5.0,2026,0,Студия,"Московская, Звездная, Купчино",15,"новостройка с современной отделкой, небольшая кухня, первый этаж без балкона, транспортная доступность на машине, строящийся объект, сдача скоро, студия с открытой планировкой",4412320
3,21.13,9.8,5.1,2024,0,Студия,"Рыбацкое, Обухово, Пролетарская",18,"новый дом комфорт-класса, небольшая кухня, средний этаж, транспортная доступность на машине, строящийся объект, сдача скоро, компактная студия евроремонт",4227479
1,33.31,15.5,3.8,2026,0,Студия,"Рыбацкое, Обухово, Пролетарская",19,"новостройка бизнес-класса, небольшая кухня, первый этаж без балкона, транспортная доступность на машине, строящийся объект, сдача скоро, уютная студия для молодой пары",4083006
2,21.0,9.8,5.0,2025,0,Студия,"Ломоносовская, Елизаровская, Улица Дыбенко",6,"новостройка с современной отделкой, небольшая кухня, средний этаж, рядом с метро, строящийся объект, сдача скоро, студия с открытой планировкой",4403700
9,18.8,7.6,5.0,2024,0,Студия,Академическая,17,"новый дом комфорт-класса, небольшая кухня, уютный этаж в тихом доме, транспортная доступность на машине, строящийся объект, сдача скоро, компактная студия евроремонт",3979960
1,28.9,9.9,12.7,2025,0,1-комн,Академическая,19,"новостройка с современной отделкой, кухня хорошей площади, первый этаж без балкона, транспортная доступность на машине, строящийся объект, сдача скоро, однокомнатная с балконом",4421700
24,27.3,9.8,8.1,2025,0,Студия,Академическая,19,"новый дом комфорт-класса, небольшая кухня, высокий этаж с видом на город, транспортная доступность на машине, строящийся объект, сдача скоро, уютная студия для молодой пары",4245150
11,21.3,10.0,4.7,2024,0,Студия,"Рыбацкое, Обухово, Пролетарская",22,"новостройка бизнес-класса, небольшая кухня, высокий этаж с видом на город, транспортная доступность на машине, строящийся объект, сдача скоро, студия с открытой планировкой",3885069
2,23.79,12.1,5.0,2024,0,Студия,"Рыбацкое, Обухово, Пролетарская",18,"новостройка с современной отделкой, небольшая кухня, средний этаж, транспортная доступность на машине, строящийся объект, сдача скоро, уютная студия для молодой пары",4151729
9,21.14,10.0,5.0,2024,0,Студия,"Академическая, Гражданский проспект, Девяткино",6,"новостройка с современной отделкой, небольшая кухня, средний этаж, рядом с метро, строящийся объект, сдача скоро, компактная студия евроремонт",4020828
1,23.02,10.9,5.1,2024,0,Студия,"Рыбацкое, Обухово, Пролетарская",22,"новостройка бизнес-класса, небольшая кухня, первый этаж без балкона, транспортная доступность на машине, строящийся объект, сдача скоро, компактная студия евроремонт",4056009
1,21.45,10.0,5.4,2026,0,Студия,"Рыбацкое, Обухово, Пролетарская",4,"новостройка бизнес-класса, небольшая кухня, первый этаж без балкона, в шаговой доступности от метро, строящийся объект, сдача скоро, уютная студия для молодой пары",3992750
1,20.58,8.5,5.0,2024,0,Студия,"Академическая, Гражданский проспект, Девяткино",6,"новостройка с современной отделкой, небольшая кухня, первый этаж без балкона, рядом с метро, строящийся объект, сдача скоро, уютная студия для молодой пары",3811416
19,27.61,15.3,3.0,2026,0,Апартаменты-студия,"Улица Дыбенко, Ломоносовская, Пролетарская",7,"новостройка с современной отделкой, небольшая кухня, высокий этаж с видом на город, рядом с метро, строящийся объект, сдача скоро, уютная студия для молодой пары",3950000
2,20.2,8.7,5.0,2026,0,Студия,"Ломоносовская, Елизаровская, Улица Дыбенко",6,"новостройка с современной отделкой, небольшая кухня, средний этаж, рядом с метро, строящийся объект, сдача скоро, студия с открытой планировкой",4326840
1,30.4,17.1,8.2,2025,0,1-комн,Академическая,19,"новый дом комфорт-класса, небольшая кухня, первый этаж без балкона, транспортная доступность на машине, строящийся объект, сдача скоро, однокомнатная с балконом",4383680
1,19.78,9.0,5.1,2025,0,Студия,"Рыбацкое, Обухово, Пролетарская",5,"новостройка бизнес-класса, небольшая кухня, первый этаж без балкона, в шаговой доступности от метро, строящийся объект, сдача скоро, уютная студия для молодой пары",4311051
11,24.29,10.7,5.6,2024,0,Студия,"Рыбацкое, Обухово, Пролетарская",22,"новостройка с современной отделкой, небольшая кухня, высокий этаж с видом на город, транспортная доступность на машине, строящийся объект, сдача скоро, студия с открытой планировкой",4160397
2,24.59,13.3,3.5,2025,0,Студия,"Шушары, Дунайская, Обухово",11,"новый дом комфорт-класса, небольшая кухня, средний этаж, транспортная доступность на машине, строящийся объект, сдача скоро, компактная студия евроремонт",3811450
1,21.7,11.0,5.0,2024,0,Студия,"Рыбацкое, Обухово, Пролетарская",22,"новостройка бизнес-класса, небольшая кухня, первый этаж без балкона, транспортная доступность на машине, строящийся объект, сдача скоро, компактная студия евроремонт",3928959
2,32.0,15.0,6.0,1960,1,1-комн,"Проспект Ветеранов, Ленинский проспект, Автово",11,"историческое здание сталинской постройки, небольшая кухня, средний этаж, транспортная доступность на машине, дом сдан, заезжай и живи, светлая однушка",4000000
2,23.28,11.2,5.0,2025,0,Студия,"Проспект Ветеранов, Ленинский проспект, Автово",11,"новый дом комфорт-класса, небольшая кухня, средний этаж, транспортная доступность на машине, строящийся объект, сдача скоро, компактная студия евроремонт",4400000
15,56.0,32.0,9.2,2015,1,2-комн,"Пролетарская, Ломоносовская, Обухово",6,"дом 2000-х годов в хорошем состоянии, небольшая кухня, высокий этаж с видом на город, рядом с метро, дом сдан, заезжай и живи, двухкомнатная квартира раздельные комнаты",16200000
3,79.4,55.0,11.0,1860,1,3-комн,"Сенная площадь, Спасская, Садовая",4,"старый фонд требует ремонта, кухня хорошей площади, уютный этаж в тихом доме, большая жилая площадь, в шаговой доступности от метро, дом сдан, заезжай и живи, трёхкомнатная квартира для большой семьи",15000000
6,41.2,21.9,11.0,2014,1,1-комн,"Площадь Александра Невского, Площадь Восстания, Маяковская",14,"улучшенная планировка, кухня хорошей площади, средний этаж, транспортная доступность на машине, дом сдан, заезжай и живи, однокомнатная с балконом",14950000
4,53.06,25.7,11.0,2024,0,2-комн,"Пионерская, Площадь Мужества, Черная речка",5,"новый дом комфорт-класса, кухня хорошей площади, средний этаж, в шаговой доступности от метро, строящийся объект, сдача скоро, просторная двухкомнатная квартира",15545212
5,64.3,42.2,9.8,1879,1,2-комн,"Выборгская, Площадь Ленина, Петроградская",5,"старый фонд требует ремонта, небольшая кухня, средний этаж, большая жилая площадь, в шаговой доступности от метро, дом сдан, заезжай и живи, двушка с евроремонтом",15399000
3,51.0,22.6,17.3,2025,1,2-комн,"Ладожская, Новочеркасская, Чернышевская",4,"новый дом комфорт-класса, просторная кухня-гостиная, средний этаж, в шаговой доступности от метро, дом сдан, заезжай и живи, просторная двухкомнатная квартира",14700000
4,85.7,48.7,14.4,1854,1,4-комн,"Василеостровская, Спортивная",15,"дореволюционный дом с высокими потолками, кухня хорошей площади, уютный этаж в тихом доме, транспортная доступность на машине, дом сдан, заезжай и живи, большая четырёхкомнатная дизайнерский ремонт",15900000
7,53.1,28.3,10.2,2024,1,2-комн,"Московские ворота, Электросила, Фрунзенская",6,"новостройка бизнес-класса, кухня хорошей площади, средний этаж, рядом с метро, дом сдан, заезжай и живи, двушка с евроремонтом",14800000
3,65.5,34.0,16.0,2016,1,2-комн,"Беговая, Комендантский проспект, Старая Деревня",11,"современный монолитный дом, просторная кухня-гостиная, уютный этаж в тихом доме, транспортная доступность на машине, дом сдан, заезжай и живи, двухкомнатная квартира раздельные комнаты",16300000
2,113.1,64.0,12.3,2017,1,4-комн,"Проспект Просвещения, Озерки, Парнас",11,"улучшенная планировка, кухня хорошей площади, средний этаж, транспортная доступность на машине, дом сдан, заезжай и живи, многокомнатная квартира тихий центр",14900000
3,72.7,38.4,15.7,2006,1,2-комн,"Купчино, Звездная, Шушары",21,"улучшенная планировка, просторная кухня-гостиная, уютный этаж в тихом доме, транспортная доступность на машине, дом сдан, заезжай и живи, двухкомнатная квартира раздельные комнаты",15700000
12,73.8,34.5,18.0,2008,1,2-комн,"Купчино, Проспект Славы, Дунайская",6,"современный монолитный дом, просторная кухня-гостиная, высокий этаж с видом на город, рядом с метро, дом сдан, заезжай и живи, двушка с евроремонтом",14950000
11,56.7,22.1,17.9,2023,1,2-комн,"Черная речка, Лесная, Выборгская",5,"новостройка бизнес-класса, просторная кухня-гостиная, высокий этаж с видом на город, в шаговой доступности от метро, дом сдан, заезжай и живи, двушка с евроремонтом",15840000
3,65.2,23.7,25.6,2021,1,2-комн,"Ленинский проспект, Автово, Кировский завод",11,"новостройка бизнес-класса, просторная кухня-гостиная, средний этаж, транспортная доступность на машине, дом сдан, заезжай и живи, просторная двухкомнатная квартира",16390000
5,45.3,20.9,13.1,2017,1,1-комн,"Выборгская, Новочеркасская, Площадь Ленина",7,"дом 2000-х годов в хорошем состоянии, кухня хорошей площади, уютный этаж в тихом доме, рядом с метро, дом сдан, заезжай и живи, однокомнатная с балконом",15700000
4,67.0,44.0,8.2,1991,1,3-комн,"Беговая, Черная речка, Комендантский проспект",8,"типовая панельная застройка, небольшая кухня, средний этаж, большая жилая площадь, рядом с метро, дом сдан, заезжай и живи, трёхкомнатная квартира для большой семьи",16390000
10,72.3,35.8,15.1,2023,1,2-комн,"Приморская, Василеостровская, Крестовский остров",7,"новостройка бизнес-класса, просторная кухня-гостиная, высокий этаж с видом на город, рядом с метро, дом сдан, заезжай и живи, двушка с евроремонтом",15183000
4,34.0,14.6,9.2,1917,1,1-комн,"Чернышевская, Площадь Ленина, Гостиный двор",5,"историческое здание сталинской постройки, небольшая кухня, уютный этаж в тихом доме, в шаговой доступности от метро, дом сдан, заезжай и живи, однокомнатная квартира с хорошим ремонтом",15000000
10,39.9,13.6,17.6,2022,1,1-комн,"Спортивная, Черная речка, Гостиный двор",23,"новостройка с современной отделкой, просторная кухня-гостиная, высокий этаж с видом на город, транспортная доступность на машине, дом сдан, заезжай и живи, однокомнатная квартира с хорошим ремонтом",15000000
13,37.36,10.6,14.2,2025,0,1-комн,"Московская, Звездная, Ленинский проспект",6,"новостройка с современной отделкой, кухня хорошей площади, высокий этаж с видом на город, рядом с метро, строящийся объект, сдача скоро, светлая однушка",17990000
3,68.6,32.1,13.4,2022,1,2-комн,"Московские ворота, Фрунзенская, Балтийская",15,"новый дом комфорт-класса, кухня хорошей площади, уютный этаж в тихом доме, транспортная доступность на машине, дом сдан, заезжай и живи, просторная двухкомнатная квартира",16800000
11,58.06,22.6,10.4,2024,1,2-комн,"Электросила, Парк Победы, Бухарестская",17,"новый дом комфорт-класса, кухня хорошей площади, высокий этаж с видом на город, транспортная доступность на машине, дом сдан, заезжай и живи, двушка с евроремонтом",17999000
4,46.3,19.3,22.0,2018,1,1-комн,Беговая,30,"современный монолитный дом, просторная кухня-гостиная, средний этаж, транспортная доступность на машине, дом сдан, заезжай и живи, светлая однушка",16500000
7,63.5,25.8,21.0,2024,1,2-комн,"Лесная, Черная речка, Выборгская",5,"новый дом комфорт-класса, просторная кухня-гостиная, средний этаж, в шаговой доступности от метро, дом сдан, заезжай и живи, просторная двухкомнатная квартира",17100000
3,62.29,27.7,19.2,2023,1,2-комн,"Лесная, Черная речка, Выборгская",6,"новый дом комфорт-класса, просторная кухня-гостиная, уютный этаж в тихом доме, рядом с метро, дом сдан, заезжай и живи, двухкомнатная квартира раздельные комнаты",16900000
4,63.0,42.5,11.6,1897,1,2-комн,"Площадь Восстания, Чернышевская, Маяковская",14,"дореволюционный дом с высокими потолками, кухня хорошей площади, уютный этаж в тихом доме, большая жилая площадь, транспортная доступность на машине, дом сдан, заезжай и живи, двушка с евроремонтом",17000000
5,79.6,47.0,15.0,1993,1,3-комн,"Озерки, Удельная, Комендантский проспект",5,"панельный дом хрущёвской эпохи, просторная кухня-гостиная, уютный этаж в тихом доме, в шаговой доступности от метро, дом сдан, заезжай и живи, трёшка с хорошей планировкой",17300000
10,34.3,9.6,15.4,2022,1,1-комн,"Черная речка, Лесная, Выборгская",4,"новый дом комфорт-класса, просторная кухня-гостиная, высокий этаж с видом на город, в шаговой доступности от метро, дом сдан, заезжай и живи, однокомнатная квартира с хорошим ремонтом",16900000
4,91.5,58.7,13.5,1939,1,3-комн,"Автово, Кировский завод, Ленинский проспект",5,"дореволюционный дом с высокими потолками, кухня хорошей площади, уютный этаж в тихом доме, в шаговой доступности от метро, дом сдан, заезжай и живи, трёшка с хорошей планировкой",16500000
7,42.7,9.0,21.0,2019,1,1-комн,"Старая Деревня, Беговая, Комендантский проспект",5,"улучшенная планировка, просторная кухня-гостиная, уютный этаж в тихом доме, в шаговой доступности от метро, дом сдан, заезжай и живи, однокомнатная квартира с хорошим ремонтом",18000000
9,53.5,13.0,26.6,2019,1,1-комн,"Московская, Парк Победы, Ленинский проспект",4,"улучшенная планировка, просторная кухня-гостиная, уютный этаж в тихом доме, в шаговой доступности от метро, дом сдан, заезжай и живи, однокомнатная квартира с хорошим ремонтом",16780000
5,62.2,24.9,18.1,2024,1,2-комн,"Ладожская, Новочеркасская, Площадь Александра Невского",6,"новый дом комфорт-класса, просторная кухня-гостиная, средний этаж, рядом с метро, дом сдан, заезжай и живи, просторная двухкомнатная квартира",18000000
3,44.6,16.4,17.8,2021,1,1-комн,"Удельная, Озерки, Пионерская",7,"новый дом комфорт-класса, просторная кухня-гостиная, уютный этаж в тихом доме, рядом с метро, дом сдан, заезжай и живи, однокомнатная квартира с хорошим ремонтом",16900000
10,70.1,28.1,19.8,2011,1,2-комн,"Озерки, Удельная, Проспект Просвещения",5,"современный монолитный дом, просторная кухня-гостиная, высокий этаж с видом на город, в шаговой доступности от метро, дом сдан, заезжай и живи, двушка с евроремонтом",16500000
7,46.7,15.4,11.1,2008,1,1-комн,"Приморская, Василеостровская, Спортивная",8,"улучшенная планировка, кухня хорошей площади, уютный этаж в тихом доме, рядом с метро, дом сдан, заезжай и живи, светлая однушка",16200000
4,50.3,29.4,5.0,1912,1,2-комн,"Спортивная, Василеостровская, Чкаловская",2,"дореволюционный дом с высокими потолками, небольшая кухня, уютный этаж в тихом доме, в шаговой доступности от метро, дом сдан, заезжай и живи, двухкомнатная квартира раздельные комнаты",16700000
3,56.0,32.0,11.6,1909,1,3-комн,"Петроградская, Чкаловская, Горьковская",9,"старый фонд требует ремонта, кухня хорошей площади, уютный этаж в тихом доме, рядом с метро, дом сдан, заезжай и живи, трёшка с хорошей планировкой",16799000
10,54.8,25.0,14.0,2000,1,2-комн,"Приморская, Василеостровская, Крестовский остров",8,"дом 2000-х годов в хорошем состоянии, кухня хорошей площади, высокий этаж с видом на город, рядом с метро, дом сдан, заезжай и живи, двухкомнатная квартира раздельные комнаты",16500000
1,96.6,43.8,45.8,2009,1,3-комн,"Проспект Просвещения, Парнас, Озерки",10,"улучшенная планировка, просторная кухня-гостиная, первый этаж без балкона, рядом с метро, дом сдан, заезжай и живи, трёшка с хорошей планировкой",16500000
5,83.6,36.6,19.0,2001,1,2-комн,"Звездная, Купчино, Московская",1,"улучшенная планировка, просторная кухня-гостиная, уютный этаж в тихом доме, в шаговой доступности от метро, дом сдан, заезжай и живи, двушка с евроремонтом",17700000
2,56.0,28.0,13.0,1886,1,2-комн,"Технологический институт, Фрунзенская, Пушкинская",13,"старый фонд требует ремонта, кухня хорошей площади, средний этаж, транспортная доступность на машине, дом сдан, заезжай и живи, двухкомнатная квартира раздельные комнаты",17950000
4,65.1,27.0,19.0,1983,1,2-комн,"Улица Дыбенко, Проспект Большевиков, Ладожская",7,"панельный дом хрущёвской эпохи, просторная кухня-гостиная, уютный этаж в тихом доме, рядом с метро, дом сдан, заезжай и живи, двушка с евроремонтом",11500000
7,80.58,40.3,18.4,2026,0,3-комн,"Московская, Ленинский проспект, Звездная",4,"новостройка бизнес-класса, просторная кухня-гостиная, уютный этаж в тихом доме, в шаговой доступности от метро, строящийся объект, сдача скоро, трёхкомнатная квартира для большой семьи",21750637
2,76.18,39.5,14.7,2025,0,3-комн,"Беговая, Зенит, Крестовский остров",17,"новостройка бизнес-класса, кухня хорошей площади, уютный этаж в тихом доме, транспортная доступность на машине, строящийся объект, сдача скоро, трёшка с хорошей планировкой",19650000
3,211.0,92.0,65.1,1900,1,Многокомнатна,"Чернышевская, Гостиный двор, Невский проспект",14,"дореволюционный дом с высокими потолками, просторная кухня-гостиная, средний этаж, транспортная доступность на машине, дом сдан, заезжай и живи",77000000
12,62.8,30.9,10.5,2014,1,2-комн,"Приморская, Спортивная, Василеостровская",16,"улучшенная планировка, кухня хорошей площади, высокий этаж с видом на город, транспортная доступность на машине, дом сдан, заезжай и живи, двухкомнатная квартира раздельные комнаты",18526000
2,78.91,32.8,20.4,2026,0,3-комн,"Выборгская, Лесная, Площадь Ленина",6,"новостройка бизнес-класса, просторная кухня-гостиная, уютный этаж в тихом доме, рядом с метро, строящийся объект, сдача скоро, трёшка с хорошей планировкой",28139306
2,110.4,38.0,46.8,2016,1,2-комн,"Крестовский остров, Зенит, Василеостровская",5,"дом 2000-х годов в хорошем состоянии, просторная кухня-гостиная, уютный этаж в тихом доме, в шаговой доступности от метро, дом сдан, заезжай и живи, двухкомнатная квартира раздельные комнаты",222000000
2,73.58,40.4,18.8,2025,0,3-комн,"Приморская, Василеостровская, Спортивная",4,"новостройка бизнес-класса, просторная кухня-гостиная, средний этаж, в шаговой доступности от метро, строящийся объект, сдача скоро, просторная трёхкомнатная с двумя санузлами",23550566
7,90.25,41.0,23.0,2026,0,3-комн,"Проспект Просвещения, Озерки, Удельная",13,"новый дом комфорт-класса, просторная кухня-гостиная, уютный этаж в тихом доме, транспортная доступность на машине, строящийся объект, сдача скоро, трёшка с хорошей планировкой",19600043
3,119.1,61.7,25.8,2017,1,3-комн,"Крестовский остров, Чкаловская, Василеостровская",6,"улучшенная планировка, просторная кухня-гостиная, уютный этаж в тихом доме, рядом с метро, дом сдан, заезжай и живи, трёхкомнатная квартира для большой семьи",160000000
1,111.3,40.0,40.0,2017,1,2-комн,"Черная речка, Петроградская, Чкаловская",5,"улучшенная планировка, просторная кухня-гостиная, первый этаж без балкона, в шаговой доступности от метро, дом сдан, заезжай и живи, двухкомнатная квартира раздельные комнаты",166905000
2,81.98,44.2,18.4,2025,0,3-комн,"Елизаровская, Площадь Александра Невского, Ломоносовская",4,"новый дом комфорт-класса, просторная кухня-гостиная, уютный этаж в тихом доме, в шаговой доступности от метро, строящийся объект, сдача скоро, просторная трёхкомнатная с двумя санузлами",25400150
3,99.6,46.4,24.5,2024,1,3-комн,"Московская, Звездная, Шушары",12,"новостройка с современной отделкой, просторная кухня-гостиная, уютный этаж в тихом доме, транспортная доступность на машине, дом сдан, заезжай и живи, трёшка с хорошей планировкой",19450635
5,35.3,23.6,6.7,2022,1,Апартаменты-студия,"Пушкинская, Фрунзенская, Обводный канал",4,"новостройка бизнес-класса, небольшая кухня, уютный этаж в тихом доме, большая жилая площадь, в шаговой доступности от метро, дом сдан, заезжай и живи, студия с открытой планировкой",8450000
2,90.97,36.7,25.8,2027,0,3-комн,"Горный институт, Приморская, Василеостровская",5,"новостройка бизнес-класса, просторная кухня-гостиная, уютный этаж в тихом доме, в шаговой доступности от метро, строящийся объект, сдача скоро, просторная трёхкомнатная с двумя санузлами",24743840
5,74.41,46.8,13.4,2025,0,3-комн,"Проспект Большевиков, Ломоносовская, Новочеркасская",6,"новый дом комфорт-класса, кухня хорошей площади, средний этаж, рядом с метро, строящийся объект, сдача скоро, трёхкомнатная квартира для большой семьи",19800069
4,82.1,50.5,14.9,1898,1,3-комн,"Чернышевская, Площадь Восстания, Маяковская",7,"историческое здание сталинской постройки, кухня хорошей площади, средний этаж, рядом с метро, дом сдан, заезжай и живи, трёшка с хорошей планировкой",19000000
3,250.0,112.0,44.0,2011,1,4-комн,"Чкаловская, Петроградская, Крестовский остров",4,"современный монолитный дом, просторная кухня-гостиная, уютный этаж в тихом доме, в шаговой доступности от метро, дом сдан, заезжай и живи, четырёхкомнатная квартира премиум класса",215000000
3,77.28,41.5,17.1,2025,0,3-комн,"Московская, Звездная, Шушары",14,"новостройка бизнес-класса, просторная кухня-гостиная, уютный этаж в тихом доме, транспортная доступность на машине, строящийся объект, сдача скоро, просторная трёхкомнатная с двумя санузлами",15900437
3,44.0,27.0,7.0,1961,1,2-комн,"Парк Победы, Ленинский проспект, Московская",5,"дореволюционный дом с высокими потолками, небольшая кухня, средний этаж, в шаговой доступности от метро, дом сдан, заезжай и живи, просторная двухкомнатная квартира",6200000
8,83.5,41.9,19.0,2025,0,3-комн,"Комендантский проспект, Озерки, Проспект Просвещения",6,"новостройка бизнес-класса, просторная кухня-гостиная, уютный этаж в тихом доме, рядом с метро, строящийся объект, сдача скоро, трёшка с хорошей планировкой",20450026
5,21.1,8.2,4.6,2024,1,Студия,"Парнас, Проспект Просвещения, Озерки",5,"новостройка с современной отделкой, небольшая кухня, средний этаж, в шаговой доступности от метро, дом сдан, заезжай и живи, уютная студия для молодой пары",6087350
16,27.3,17.3,5.0,2012,1,Студия,"Ленинский проспект, Автово, Проспект Ветеранов",5,"улучшенная планировка, небольшая кухня, высокий этаж с видом на город, в шаговой доступности от метро, дом сдан, заезжай и живи, студия с открытой планировкой",6800000
2,33.12,12.3,11.3,2026,0,1-комн,"Рыбацкое, Обухово, Пролетарская",17,"новостройка с современной отделкой, кухня хорошей площади, средний этаж, транспортная доступность на машине, строящийся объект, сдача скоро, однокомнатная квартира с хорошим ремонтом",5201680
3,250.0,112.0,44.0,2011,1,4-комн,"Чкаловская, Петроградская, Крестовский остров",4,"современный монолитный дом, просторная кухня-гостиная, уютный этаж в тихом доме, в шаговой доступности от метро, дом сдан, заезжай и живи, четырёхкомнатная квартира премиум класса",215000000
4,45.0,30.0,7.5,1968,1,2-комн,"Академическая, Гражданский проспект, Политехническая",6,"дореволюционный дом с высокими потолками, небольшая кухня, уютный этаж в тихом доме, большая жилая площадь, рядом с метро, дом сдан, заезжай и живи, двушка с евроремонтом",6350000
9,28.9,17.0,5.5,1972,1,1-комн,"Проспект Славы, Международная, Дунайская",6,"старый фонд требует ремонта, небольшая кухня, средний этаж, рядом с метро, дом сдан, заезжай и живи, однокомнатная с балконом",5700000
3,34.86,17.0,10.3,2026,0,1-комн,"Московская, Звездная, Шушары",14,"новостройка с современной отделкой, кухня хорошей площади, средний этаж, транспортная доступность на машине, строящийся объект, сдача скоро, светлая однушка",6950188
4,89.0,60.0,20.0,2015,1,2-комн,"Чернышевская, Площадь Ленина, Горьковская",18,"дом 2000-х годов в хорошем состоянии, просторная кухня-гостиная, уютный этаж в тихом доме, большая жилая площадь, транспортная доступность на машине, дом сдан, заезжай и живи, просторная двухкомнатная квартира",84500000
9,40.55,17.6,12.9,2025,0,1-комн,"Комендантский проспект, Озерки, Проспект Просвещения",6,"новый дом комфорт-класса, кухня хорошей площади, уютный этаж в тихом доме, рядом с метро, строящийся объект, сдача скоро, однокомнатная с балконом",10750206
3,29.1,18.2,5.0,2020,1,Студия,"Московская, Ленинский проспект, Звездная",5,"новостройка с современной отделкой, небольшая кухня, средний этаж, в шаговой доступности от метро, дом сдан, заезжай и живи, уютная студия для молодой пары",6650000
4,55.0,37.5,7.3,1970,1,3-комн,"Гражданский проспект, Политехническая, Академическая",6,"старый фонд требует ремонта, небольшая кухня, средний этаж, большая жилая площадь, рядом с метро, дом сдан, заезжай и живи, трёшка с хорошей планировкой",7100000
2,53.63,21.1,17.1,2026,0,2-комн,"Рыбацкое, Обухово, Пролетарская",18,"новый дом комфорт-класса, просторная кухня-гостиная, уютный этаж в тихом доме, транспортная доступность на машине, строящийся объект, сдача скоро, двухкомнатная квартира раздельные комнаты",8138352
4,157.4,121.9,20.6,1829,1,5-комн,"Сенная площадь, Спасская, Садовая",4,"старый фонд требует ремонта, просторная кухня-гостиная, средний этаж, большая жилая площадь, в шаговой доступности от метро, дом сдан, заезжай и живи",23490000
2,45.0,28.0,6.0,1961,1,2-комн,"Московская, Парк Победы, Ленинский проспект",5,"историческое здание сталинской постройки, небольшая кухня, уютный этаж в тихом доме, в шаговой доступности от метро, дом сдан, заезжай и живи, просторная двухкомнатная квартира",7050000
2,109.35,63.0,15.8,2022,1,3-комн,"Крестовский остров, Спортивная, Чкаловская",5,"новостройка с современной отделкой, просторная кухня-гостиная, средний этаж, в шаговой доступности от метро, дом сдан, заезжай и живи, просторная трёхкомнатная с двумя санузлами",34900000
21,39.7,12.8,17.1,2024,1,1-комн,"Парнас, Проспект Просвещения, Озерки",5,"новостройка с современной отделкой, просторная кухня-гостиная, высокий этаж с видом на город, в шаговой доступности от метро, дом сдан, заезжай и живи, светлая однушка",8646660
4,24.0,14.0,5.0,2002,1,Студия,"Проспект Большевиков, Улица Дыбенко, Новочеркасская",4,"современный монолитный дом, небольшая кухня, средний этаж, в шаговой доступности от метро, дом сдан, заезжай и живи, уютная студия для молодой пары",5200000
2,124.0,64.0,54.0,2017,1,3-комн,"Крестовский остров, Чкаловская, Василеостровская",6,"улучшенная планировка, просторная кухня-гостиная, средний этаж, рядом с метро, дом сдан, заезжай и живи, трёшка с хорошей планировкой",125000000
9,33.7,10.6,15.2,2026,0,1-комн,"Московская, Ленинский проспект, Звездная",4,"новостройка бизнес-класса, просторная кухня-гостиная, уютный этаж в тихом доме, в шаговой доступности от метро, строящийся объект, сдача скоро, однокомнатная квартира с хорошим ремонтом",10300054
12,35.8,16.2,8.5,2012,1,1-комн,"Звездная, Купчино, Ленинский проспект",8,"дом 2000-х годов в хорошем состоянии, небольшая кухня, высокий этаж с видом на город, рядом с метро, дом сдан, заезжай и живи, однокомнатная квартира с хорошим ремонтом",7299999
9,32.8,10.8,15.1,2026,0,1-комн,"Проспект Просвещения, Озерки, Удельная",13,"новостройка бизнес-класса, просторная кухня-гостиная, уютный этаж в тихом доме, транспортная доступность на машине, строящийся объект, сдача скоро, однокомнатная квартира с хорошим ремонтом",8300154
4,133.8,70.0,19.6,2012,1,3-комн,"Крестовский остров, Чкаловская, Спортивная",4,"улучшенная планировка, просторная кухня-гостиная, уютный этаж в тихом доме, в шаговой доступности от метро, дом сдан, заезжай и живи, просторная трёхкомнатная с двумя санузлами",160000000
2,41.9,30.0,5.3,1964,1,3-комн,"Московская, Ленинский проспект, Звездная",5,"старый фонд требует ремонта, небольшая кухня, средний этаж, большая жилая площадь, в шаговой доступности от метро, дом сдан, заезжай и живи, просторная трёхкомнатная с двумя санузлами",6450000
2,43.2,30.9,6.0,1963,1,2-комн,"Новочеркасская, Ладожская, Чернышевская",5,"старый фонд требует ремонта, небольшая кухня, средний этаж, большая жилая площадь, в шаговой доступности от метро, дом сдан, заезжай и живи, просторная двухкомнатная квартира",10200000
4,76.6,36.0,14.8,2018,1,2-комн,"Спортивная, Чкаловская, Василеостровская",4,"улучшенная планировка, кухня хорошей площади, средний этаж, в шаговой доступности от метро, дом сдан, заезжай и живи, двухкомнатная квартира раздельные комнаты",37103093
4,82.76,43.8,17.0,2024,0,3-комн,"Балтийская, Нарвская, Фрунзенская",6,"новостройка бизнес-класса, просторная кухня-гостиная, уютный этаж в тихом доме, рядом с метро, строящийся объект, сдача скоро, просторная трёхкомнатная с двумя санузлами",24209999
2,59.2,22.3,21.3,2026,0,2-комн,"Выборгская, Лесная, Площадь Ленина",6,"новостройка с современной отделкой, просторная кухня-гостиная, средний этаж, рядом с метро, строящийся объект, сдача скоро, двухкомнатная квартира раздельные комнаты",21803360
4,533.2,286.1,35.7,2001,1,Многокомнатна,"Крестовский остров, Чкаловская, Василеостровская",6,"современный монолитный дом, просторная кухня-гостиная, уютный этаж в тихом доме, рядом с метро, дом сдан, заезжай и живи",159900000
11,65.0,36.0,12.0,2006,1,2-комн,"Проспект Ветеранов, Ленинский проспект, Автово",26,"улучшенная планировка, кухня хорошей площади, высокий этаж с видом на город, транспортная доступность на машине, дом сдан, заезжай и живи, двухкомнатная квартира раздельные комнаты",14500000
2,38.0,17.0,10.4,2021,1,1-комн,"Удельная, Озерки, Пионерская",7,"новостройка бизнес-класса, кухня хорошей площади, уютный этаж в тихом доме, рядом с метро, дом сдан, заезжай и живи, однокомнатная с балконом",13900000
3,71.9,57.0,9.9,2017,1,3-комн,"Комендантский проспект, Пионерская, Удельная",7,"улучшенная планировка, небольшая кухня, средний этаж, большая жилая площадь, рядом с метро, дом сдан, заезжай и живи, трёшка с хорошей планировкой",14300000
6,46.9,19.0,18.8,2015,1,1-комн,"Пролетарская, Ломоносовская, Обухово",6,"улучшенная планировка, просторная кухня-гостиная, уютный этаж в тихом доме, рядом с метро, дом сдан, заезжай и живи, однокомнатная с балконом",13399000
2,75.2,50.0,7.5,1879,1,4-комн,"Звенигородская, Лиговский проспект, Владимирская",8,"дореволюционный дом с высокими потолками, небольшая кухня, уютный этаж в тихом доме, большая жилая площадь, рядом с метро, дом сдан, заезжай и живи, четырёхкомнатная квартира премиум класса",13400000
5,50.0,23.6,17.0,1897,1,1-комн,"Площадь Восстания, Маяковская, Чернышевская",14,"старый фонд требует ремонта, просторная кухня-гостиная, уютный этаж в тихом доме, транспортная доступность на машине, дом сдан, заезжай и живи, светлая однушка",13200000
5,39.8,19.0,10.5,2021,1,1-комн,"Пионерская, Комендантский проспект, Удельная",6,"новый дом комфорт-класса, кухня хорошей площади, средний этаж, рядом с метро, дом сдан, заезжай и живи, однокомнатная с балконом",13300000
1,83.8,57.6,9.2,1964,1,3-комн,"Приморская, Василеостровская",5,"историческое здание сталинской постройки, небольшая кухня, первый этаж без балкона, большая жилая площадь, в шаговой доступности от метро, дом сдан, заезжай и живи, трёхкомнатная квартира для большой семьи",14350000
11,56.9,22.0,25.0,2022,1,1-комн,"Пионерская, Удельная, Комендантский проспект",6,"новый дом комфорт-класса, просторная кухня-гостиная, высокий этаж с видом на город, рядом с метро, дом сдан, заезжай и живи, светлая однушка",14500000
14,55.62,26.1,15.7,2024,1,2-комн,"Лесная, Выборгская, Площадь Ленина",5,"новый дом комфорт-класса, просторная кухня-гостиная, высокий этаж с видом на город, в шаговой доступности от метро, дом сдан, заезжай и живи, двушка с евроремонтом",14450000
16,48.1,26.0,10.0,2018,1,1-комн,"Выборгская, Лесная, Площадь Ленина",5,"современный монолитный дом, кухня хорошей площади, высокий этаж с видом на город, в шаговой доступности от метро, дом сдан, заезжай и живи, светлая однушка",13700000
1,70.0,43.8,8.4,1978,1,3-комн,"Приморская, Василеостровская, Спортивная",6,"старый фонд требует ремонта, небольшая кухня, первый этаж без балкона, рядом с метро, дом сдан, заезжай и живи, трёхкомнатная квартира для большой семьи",13200000
5,84.2,47.1,16.1,2017,1,3-комн,"Проспект Большевиков, Улица Дыбенко",14,"дом 2000-х годов в хорошем состоянии, просторная кухня-гостиная, уютный этаж в тихом доме, транспортная доступность на машине, дом сдан, заезжай и живи, просторная трёхкомнатная с двумя санузлами",13250000
4,38.52,10.2,18.7,2026,1,1-комн,"Выборгская, Площадь Ленина, Лесная",3,"новый дом комфорт-класса, просторная кухня-гостиная, уютный этаж в тихом доме, в шаговой доступности от метро, дом сдан, заезжай и живи, однокомнатная квартира с хорошим ремонтом",13800000
14,69.45,38.3,17.0,2019,1,2-комн,"Комендантский проспект, Пионерская, Удельная",9,"дом 2000-х годов в хорошем состоянии, просторная кухня-гостиная, высокий этаж с видом на город, рядом с метро, дом сдан, заезжай и живи, просторная двухкомнатная квартира",13490000
3,61.5,32.2,7.3,1860,1,2-комн,"Балтийская, Технологический институт, Фрунзенская",12,"старый фонд требует ремонта, небольшая кухня, средний этаж, транспортная доступность на машине, дом сдан, заезжай и живи, двушка с евроремонтом",14000000
3,79.2,48.2,7.0,1906,1,4-комн,"Площадь Александра Невского, Площадь Восстания, Маяковская",4,"историческое здание сталинской постройки, небольшая кухня, уютный этаж в тихом доме, в шаговой доступности от метро, дом сдан, заезжай и живи, четырёхкомнатная квартира премиум класса",13800000
1,72.1,48.1,9.6,1864,1,3-комн,"Пушкинская, Технологический институт, Фрунзенская",12,"дореволюционный дом с высокими потолками, небольшая кухня, первый этаж без балкона, большая жилая площадь, транспортная доступность на машине, дом сдан, заезжай и живи, трёшка с хорошей планировкой",13600000
3,64.2,25.5,9.2,1913,1,3-комн,"Площадь Александра Невского, Площадь Восстания, Маяковская",12,"историческое здание сталинской постройки, небольшая кухня, средний этаж, транспортная доступность на машине, дом сдан, заезжай и живи, трёхкомнатная квартира для большой семьи",13400000
11,33.04,14.2,11.5,2025,1,1-комн,"Приморская, Василеостровская, Спортивная",4,"новостройка с современной отделкой, кухня хорошей площади, высокий этаж с видом на город, в шаговой доступности от метро, дом сдан, заезжай и живи, светлая однушка",14000000
3,45.0,30.0,10.0,2018,1,1-комн,"Московская, Звездная, Ленинский проспект",5,"дом 2000-х годов в хорошем состоянии, кухня хорошей площади, уютный этаж в тихом доме, большая жилая площадь, в шаговой доступности от метро, дом сдан, заезжай и живи, однокомнатная квартира с хорошим ремонтом",13700000
3,65.0,42.0,10.0,1986,1,3-комн,"Ленинский проспект, Проспект Ветеранов, Автово",5,"типовая панельная застройка, кухня хорошей площади, уютный этаж в тихом доме, в шаговой доступности от метро, дом сдан, заезжай и живи, просторная трёхкомнатная с двумя санузлами",14499995
3,52.7,30.0,8.1,1956,1,2-комн,"Новочеркасская, Ладожская, Чернышевская",5,"старый фонд требует ремонта, небольшая кухня, уютный этаж в тихом доме, в шаговой доступности от метро, дом сдан, заезжай и живи, двухкомнатная квартира раздельные комнаты",13400000
7,52.0,25.0,13.0,2021,1,2-комн,"Лесная, Черная речка, Выборгская",5,"новостройка с современной отделкой, кухня хорошей площади, уютный этаж в тихом доме, в шаговой доступности от метро, дом сдан, заезжай и живи, просторная двухкомнатная квартира",14499000
8,65.4,33.2,12.8,2023,1,3-комн,"Комендантский проспект, Пионерская, Старая Деревня",7,"новый дом комфорт-класса, кухня хорошей площади, уютный этаж в тихом доме, рядом с метро, дом сдан, заезжай и живи, трёшка с хорошей планировкой",14500000
7,66.9,27.7,20.0,2024,0,2-комн,"Комендантский проспект, Пионерская, Удельная",10,"новый дом комфорт-класса, просторная кухня-гостиная, средний этаж, рядом с метро, строящийся объект, сдача скоро, двухкомнатная квартира раздельные комнаты",13100000
3,99.5,68.5,8.6,1916,1,3-комн,"Черная речка, Лесная, Пионерская",5,"дореволюционный дом с высокими потолками, небольшая кухня, уютный этаж в тихом доме, большая жилая площадь, в шаговой доступности от метро, дом сдан, заезжай и живи, трёхкомнатная квартира для большой семьи",12999000
4,53.5,21.5,12.0,2009,1,1-комн,"Проспект Просвещения, Озерки, Парнас",9,"современный монолитный дом, кухня хорошей площади, уютный этаж в тихом доме, рядом с метро, дом сдан, заезжай и живи, однокомнатная квартира с хорошим ремонтом",11800000
1,70.0,43.8,8.4,1978,1,3-комн,"Приморская, Василеостровская, Спортивная",6,"историческое здание сталинской постройки, небольшая кухня, первый этаж без балкона, рядом с метро, дом сдан, заезжай и живи, трёшка с хорошей планировкой",13200000
3,68.7,43.7,7.1,1982,1,3-комн,"Пионерская, Комендантский проспект, Удельная",4,"кирпичный дом советской постройки, небольшая кухня, уютный этаж в тихом доме, в шаговой доступности от метро, дом сдан, заезжай и живи, трёшка с хорошей планировкой",11800000
2,34.5,18.0,6.2,2015,1,1-комн,"Фрунзенская, Технологический институт, Балтийская",3,"улучшенная планировка, небольшая кухня, средний этаж, в шаговой доступности от метро, дом сдан, заезжай и живи, однокомнатная квартира с хорошим ремонтом",12900000
7,50.0,19.5,16.0,2014,1,1-комн,"Ленинский проспект, Проспект Ветеранов, Автово",11,"дом 2000-х годов в хорошем состоянии, просторная кухня-гостиная, средний этаж, транспортная доступность на машине, дом сдан, заезжай и живи, светлая однушка",13050000
4,52.4,30.7,9.7,1955,1,2-комн,"Горный институт, Приморская, Василеостровская",5,"старый фонд требует ремонта, небольшая кухня, уютный этаж в тихом доме, в шаговой доступности от метро, дом сдан, заезжай и живи, двушка с евроремонтом",11990000
8,58.3,31.8,10.7,2010,1,2-комн,"Ломоносовская, Пролетарская, Улица Дыбенко",5,"дом 2000-х годов в хорошем состоянии, кухня хорошей площади, средний этаж, в шаговой доступности от метро, дом сдан, заезжай и живи, двушка с евроремонтом",12500000
3,82.0,45.0,16.3,2017,1,3-комн,"Рыбацкое, Пролетарская, Обухово",9,"современный монолитный дом, просторная кухня-гостиная, средний этаж, рядом с метро, дом сдан, заезжай и живи, трёшка с хорошей планировкой",12500000
23,74.5,44.3,10.5,2014,1,3-комн,"Парнас, Проспект Просвещения, Озерки",7,"улучшенная планировка, кухня хорошей площади, высокий этаж с видом на город, рядом с метро, дом сдан, заезжай и живи, трёшка с хорошей планировкой",12300000
15,65.1,30.0,16.0,2008,1,2-комн,"Ленинский проспект, Автово, Проспект Ветеранов",9,"современный монолитный дом, просторная кухня-гостиная, высокий этаж с видом на город, рядом с метро, дом сдан, заезжай и живи, двушка с евроремонтом",12980000
7,54.1,24.3,12.2,2024,1,2-комн,"Приморская, Спортивная, Чкаловская",13,"новостройка бизнес-класса, кухня хорошей площади, уютный этаж в тихом доме, транспортная доступность на машине, дом сдан, заезжай и живи, просторная двухкомнатная квартира",12700000
6,93.0,70.0,7.0,1976,1,5-комн,"Проспект Просвещения, Озерки, Парнас",4,"дореволюционный дом с высокими потолками, небольшая кухня, средний этаж, большая жилая площадь, в шаговой доступности от метро, дом сдан, заезжай и живи",11900000
8,81.3,49.2,12.3,1976,1,3-комн,"Приморская, Василеостровская",5,"историческое здание сталинской постройки, кухня хорошей площади, средний этаж, в шаговой доступности от метро, дом сдан, заезжай и живи, трёшка с хорошей планировкой",12000000
5,75.0,50.8,8.4,1914,1,3-комн,"Московские ворота, Электросила, Фрунзенская",4,"дореволюционный дом с высокими потолками, небольшая кухня, уютный этаж в тихом доме, большая жилая площадь, в шаговой доступности от метро, дом сдан, заезжай и живи, просторная трёхкомнатная с двумя санузлами",12500000
5,39.2,19.1,11.6,2010,1,1-комн,"Выборгская, Ладожская, Новочеркасская",7,"дом 2000-х годов в хорошем состоянии, кухня хорошей площади, средний этаж, рядом с метро, дом сдан, заезжай и живи, однокомнатная квартира с хорошим ремонтом",12000000
3,60.0,30.0,12.0,2016,1,2-комн,"Комендантский проспект, Пионерская, Старая Деревня",6,"улучшенная планировка, кухня хорошей площади, уютный этаж в тихом доме, рядом с метро, дом сдан, заезжай и живи, просторная двухкомнатная квартира",12399000
4,35.0,12.5,14.5,2025,1,1-комн,"Приморская, Горный институт, Василеостровская",6,"новостройка с современной отделкой, кухня хорошей площади, средний этаж, рядом с метро, дом сдан, заезжай и живи, однокомнатная квартира с хорошим ремонтом",11980000
21,61.6,34.1,10.7,2013,1,2-комн,"Ладожская, Проспект Большевиков, Улица Дыбенко",6,"современный монолитный дом, кухня хорошей площади, высокий этаж с видом на город, рядом с метро, дом сдан, заезжай и живи, просторная двухкомнатная квартира",12500000
2,80.0,48.0,15.0,1994,1,3-комн,"Комендантский проспект, Пионерская, Старая Деревня",6,"кирпичный дом советской постройки, просторная кухня-гостиная, уютный этаж в тихом доме, рядом с метро, дом сдан, заезжай и живи, просторная трёхкомнатная с двумя санузлами",12990000
4,41.5,24.8,4.8,2006,1,Студия,"Парк Победы, Московская, Бухарестская",5,"дом 2000-х годов в хорошем состоянии, небольшая кухня, средний этаж, в шаговой доступности от метро, дом сдан, заезжай и живи, компактная студия евроремонт",13000000
4,82.7,55.0,10.0,1963,1,3-комн,"Кировский завод, Автово, Ленинский проспект",5,"старый фонд требует ремонта, кухня хорошей площади, средний этаж, большая жилая площадь, в шаговой доступности от метро, дом сдан, заезжай и живи, трёшка с хорошей планировкой",12500000
11,51.0,35.0,11.0,2010,1,1-комн,"Проспект Просвещения, Озерки, Парнас",6,"улучшенная планировка, кухня хорошей площади, высокий этаж с видом на город, большая жилая площадь, рядом с метро, дом сдан, заезжай и живи, светлая однушка",12500000
3,67.2,31.4,14.9,2023,1,2-комн,"Петроградская, Чкаловская, Горьковская",6,"новостройка с современной отделкой, кухня хорошей площади, уютный этаж в тихом доме, рядом с метро, дом сдан, заезжай и живи, просторная двухкомнатная квартира",27500000
7,75.5,37.5,20.3,2023,1,2-комн,"Крестовский остров, Спортивная, Чкаловская",21,"новостройка бизнес-класса, просторная кухня-гостиная, уютный этаж в тихом доме, транспортная доступность на машине, дом сдан, заезжай и живи, просторная двухкомнатная квартира",28990000
2,77.0,41.1,15.7,1915,1,3-комн,"Петроградская, Горьковская, Чкаловская",3,"дореволюционный дом с высокими потолками, просторная кухня-гостиная, уютный этаж в тихом доме, в шаговой доступности от метро, дом сдан, заезжай и живи, просторная трёхкомнатная с двумя санузлами",26900000
2,82.0,37.6,15.2,1910,1,3-комн,"Чкаловская, Спортивная, Петроградская",3,"старый фонд требует ремонта, просторная кухня-гостиная, уютный этаж в тихом доме, в шаговой доступности от метро, дом сдан, заезжай и живи, трёшка с хорошей планировкой",26900000
9,96.4,39.0,25.0,2024,1,3-комн,"Электросила, Бухарестская, Парк Победы",18,"новостройка с современной отделкой, просторная кухня-гостиная, уютный этаж в тихом доме, транспортная доступность на машине, дом сдан, заезжай и живи, трёшка с хорошей планировкой",27990000
7,110.2,67.4,15.2,2003,1,3-комн,"Удельная, Озерки, Пионерская",5,"улучшенная планировка, просторная кухня-гостиная, средний этаж, в шаговой доступности от метро, дом сдан, заезжай и живи, трёшка с хорошей планировкой",26950000
5,72.8,30.9,18.5,1874,1,2-комн,"Маяковская, Площадь Восстания, Владимирская",3,"старый фонд требует ремонта, просторная кухня-гостиная, уютный этаж в тихом доме, в шаговой доступности от метро, дом сдан, заезжай и живи, просторная двухкомнатная квартира",27900000
5,50.9,12.9,19.5,2017,1,1-комн,"Старая Деревня, Крестовский остров, Беговая",4,"улучшенная планировка, просторная кухня-гостиная, средний этаж, в шаговой доступности от метро, дом сдан, заезжай и живи, однокомнатная с балконом",27000000
19,127.3,79.0,16.0,2006,1,4-комн,"Проспект Ветеранов, Ленинский проспект, Автово",3,"дом 2000-х годов в хорошем состоянии, просторная кухня-гостиная, высокий этаж с видом на город, в шаговой доступности от метро, дом сдан, заезжай и живи, большая четырёхкомнатная дизайнерский ремонт",29300000
6,69.1,36.2,16.9,2022,1,2-комн,"Крестовский остров, Спортивная, Чкаловская",5,"новостройка бизнес-класса, просторная кухня-гостиная, средний этаж, в шаговой доступности от метро, дом сдан, заезжай и живи, просторная двухкомнатная квартира",29000000
7,54.0,34.0,15.0,1905,1,2-комн,"Пушкинская, Звенигородская, Спасская",5,"историческое здание сталинской постройки, просторная кухня-гостиная, уютный этаж в тихом доме, в шаговой доступности от метро, дом сдан, заезжай и живи, двухкомнатная квартира раздельные комнаты",27950000
5,74.1,30.0,27.0,2023,1,2-комн,"Фрунзенская, Технологический институт, Балтийская",2,"новостройка бизнес-класса, просторная кухня-гостиная, уютный этаж в тихом доме, в шаговой доступности от метро, дом сдан, заезжай и живи, двухкомнатная квартира раздельные комнаты",27999000
6,74.0,31.0,18.0,2022,1,2-комн,"Новочеркасская, Ладожская, Площадь Александра Невского",7,"новостройка бизнес-класса, просторная кухня-гостиная, средний этаж, рядом с метро, дом сдан, заезжай и живи, двухкомнатная квартира раздельные комнаты",27950000
6,83.0,53.0,11.0,2017,1,3-комн,"Петроградская, Выборгская, Чкаловская",5,"улучшенная планировка, кухня хорошей площади, средний этаж, в шаговой доступности от метро, дом сдан, заезжай и живи, трёхкомнатная квартира для большой семьи",29500000
6,128.5,59.0,34.7,2025,1,3-комн,"Московская, Звездная, Парк Победы",4,"новостройка с современной отделкой, просторная кухня-гостиная, уютный этаж в тихом доме, в шаговой доступности от метро, дом сдан, заезжай и живи, трёшка с хорошей планировкой",28500000
12,73.2,35.0,13.6,2018,1,2-комн,"Выборгская, Площадь Ленина, Новочеркасская",6,"дом 2000-х годов в хорошем состоянии, кухня хорошей площади, высокий этаж с видом на город, рядом с метро, дом сдан, заезжай и живи, двухкомнатная квартира раздельные комнаты",27500000
2,137.2,76.7,20.1,2023,1,4-комн,"Приморская, Василеостровская, Крестовский остров",7,"новый дом комфорт-класса, просторная кухня-гостиная, средний этаж, рядом с метро, дом сдан, заезжай и живи, большая четырёхкомнатная дизайнерский ремонт",26754000
2,82.0,38.3,19.3,1914,1,3-комн,"Чернышевская, Площадь Восстания, Маяковская",12,"старый фонд требует ремонта, просторная кухня-гостиная, уютный этаж в тихом доме, транспортная доступность на машине, дом сдан, заезжай и живи, просторная трёхкомнатная с двумя санузлами",29000000
3,85.1,43.7,15.0,1913,1,3-комн,"Петроградская, Чкаловская, Горьковская",8,"старый фонд требует ремонта, просторная кухня-гостиная, средний этаж, рядом с метро, дом сдан, заезжай и живи, просторная трёхкомнатная с двумя санузлами",27900000
14,73.0,39.4,13.4,2016,1,2-комн,"Московская, Парк Победы, Электросила",6,"современный монолитный дом, кухня хорошей площади, высокий этаж с видом на город, рядом с метро, дом сдан, заезжай и живи, просторная двухкомнатная квартира",27500000
6,66.2,35.4,12.9,2022,1,2-комн,"Крестовский остров, Василеостровская, Зенит",6,"новостройка с современной отделкой, кухня хорошей площади, уютный этаж в тихом доме, рядом с метро, дом сдан, заезжай и живи, просторная двухкомнатная квартира",28850000
2,100.0,59.1,27.0,1826,1,3-комн,"Чернышевская, Площадь Ленина, Площадь Восстания",6,"дореволюционный дом с высокими потолками, просторная кухня-гостиная, уютный этаж в тихом доме, рядом с метро, дом сдан, заезжай и живи, трёшка с хорошей планировкой",27000000
6,70.2,35.7,13.2,2022,1,2-комн,"Крестовский остров, Василеостровская, Зенит",6,"новостройка с современной отделкой, кухня хорошей площади, уютный этаж в тихом доме, рядом с метро, дом сдан, заезжай и живи, просторная двухкомнатная квартира",26990000
4,65.77,35.8,19.0,2029,0,2-комн,"Василеостровская, Спортивная, Чкаловская",4,"новый дом комфорт-класса, просторная кухня-гостиная, уютный этаж в тихом доме, в шаговой доступности от метро, строящийся объект, сдача скоро, просторная двухкомнатная квартира",23900000
1,75.2,35.0,15.4,2008,1,2-комн,"Спортивная, Чкаловская, Василеостровская",4,"улучшенная планировка, просторная кухня-гостиная, первый этаж без балкона, в шаговой доступности от метро, дом сдан, заезжай и живи, просторная двухкомнатная квартира",26490000
4,134.0,66.0,27.0,1997,1,5-комн,"Купчино, Звездная, Шушары",22,"панельный дом хрущёвской эпохи, просторная кухня-гостиная, уютный этаж в тихом доме, транспортная доступность на машине, дом сдан, заезжай и живи",22900000
2,114.0,82.1,17.2,1917,1,4-комн,"Чернышевская, Площадь Ленина, Гостиный двор",17,"старый фонд требует ремонта, просторная кухня-гостиная, уютный этаж в тихом доме, большая жилая площадь, транспортная доступность на машине, дом сдан, заезжай и живи, четырёхкомнатная квартира премиум класса",25900000
3,54.4,33.3,7.9,1957,1,2-комн,"Спортивная, Горьковская, Чкаловская",9,"историческое здание сталинской постройки, небольшая кухня, уютный этаж в тихом доме, рядом с метро, дом сдан, заезжай и живи, просторная двухкомнатная квартира",24300000
2,172.4,110.0,20.0,1872,1,4-комн,"Балтийская, Нарвская, Технологический институт",4,"дореволюционный дом с высокими потолками, просторная кухня-гостиная, средний этаж, в шаговой доступности от метро, дом сдан, заезжай и живи, большая четырёхкомнатная дизайнерский ремонт",24999000
1,70.5,37.2,19.7,2019,1,3-комн,"Петроградская, Выборгская, Горьковская",4,"дом 2000-х годов в хорошем состоянии, просторная кухня-гостиная, первый этаж без балкона, в шаговой доступности от метро, дом сдан, заезжай и живи, просторная трёхкомнатная с двумя санузлами",25000000
3,67.8,36.7,17.0,1894,1,3-комн,"Площадь Восстания, Маяковская, Площадь Александра Невского",9,"историческое здание сталинской постройки, просторная кухня-гостиная, уютный этаж в тихом доме, рядом с метро, дом сдан, заезжай и живи, трёшка с хорошей планировкой",26900000
5,80.0,51.9,10.6,1900,1,3-комн,"Маяковская, Площадь Восстания, Владимирская",4,"дореволюционный дом с высокими потолками, кухня хорошей площади, уютный этаж в тихом доме, в шаговой доступности от метро, дом сдан, заезжай и живи, просторная трёхкомнатная с двумя санузлами",26000000
7,110.2,67.4,15.2,2003,1,3-комн,"Удельная, Озерки, Пионерская",5,"улучшенная планировка, просторная кухня-гостиная, уютный этаж в тихом доме, в шаговой доступности от метро, дом сдан, заезжай и живи, трёшка с хорошей планировкой",26950000
4,112.4,52.4,39.0,2009,1,4-комн,"Проспект Просвещения, Парнас, Озерки",10,"современный монолитный дом, просторная кухня-гостиная, уютный этаж в тихом доме, рядом с метро, дом сдан, заезжай и живи, большая четырёхкомнатная дизайнерский ремонт",23225000
3,68.4,29.1,10.0,2015,1,2-комн,"Черная речка, Лесная, Выборгская",5,"дом 2000-х годов в хорошем состоянии, кухня хорошей площади, средний этаж, в шаговой доступности от метро, дом сдан, заезжай и живи, двушка с евроремонтом",23500000
2,112.3,73.0,15.0,1907,1,4-комн,"Балтийская, Садовая, Спасская",22,"историческое здание сталинской постройки, просторная кухня-гостиная, уютный этаж в тихом доме, большая жилая площадь, транспортная доступность на машине, дом сдан, заезжай и живи, многокомнатная квартира тихий центр",24900000
5,59.6,20.9,19.9,2019,1,3-комн,"Новочеркасская, Ладожская, Площадь Александра Невского",7,"современный монолитный дом, просторная кухня-гостиная, уютный этаж в тихом доме, рядом с метро, дом сдан, заезжай и живи, трёшка с хорошей планировкой",23550000
3,151.4,100.6,29.8,1867,1,4-комн,"Садовая, Спасская, Сенная площадь",11,"старый фонд требует ремонта, просторная кухня-гостиная, уютный этаж в тихом доме, большая жилая площадь, транспортная доступность на машине, дом сдан, заезжай и живи, многокомнатная квартира тихий центр",23500000
4,65.8,35.8,19.0,2029,0,2-комн,"Василеостровская, Спортивная, Чкаловская",4,"новый дом комфорт-класса, просторная кухня-гостиная, средний этаж, в шаговой доступности от метро, строящийся объект, сдача скоро, двухкомнатная квартира раздельные комнаты",23900000
9,87.0,42.3,24.6,2021,1,4-комн,"Лесная, Выборгская, Площадь Ленина",5,"новостройка бизнес-класса, просторная кухня-гостиная, уютный этаж в тихом доме, в шаговой доступности от метро, дом сдан, заезжай и живи, многокомнатная квартира тихий центр",24700000
5,82.1,44.2,15.0,2004,1,2-комн,"Приморская, Василеостровская",8,"улучшенная планировка, просторная кухня-гостиная, уютный этаж в тихом доме, рядом с метро, дом сдан, заезжай и живи, двухкомнатная квартира раздельные комнаты",25500000
12,108.6,52.0,20.6,2009,1,3-комн,"Пролетарская, Ломоносовская, Обухово",5,"современный монолитный дом, просторная кухня-гостиная, высокий этаж с видом на город, в шаговой доступности от метро, дом сдан, заезжай и живи, просторная трёхкомнатная с двумя санузлами",23900000
3,111.8,77.2,11.3,1912,1,3-комн,"Петроградская, Горьковская, Чкаловская",3,"старый фонд требует ремонта, кухня хорошей площади, средний этаж, большая жилая площадь, в шаговой доступности от метро, дом сдан, заезжай и живи, трёхкомнатная квартира для большой семьи",26500000
3,58.6,17.0,19.6,2020,1,2-комн,"Петроградская, Выборгская, Горьковская",4,"новостройка с современной отделкой, просторная кухня-гостиная, средний этаж, в шаговой доступности от метро, дом сдан, заезжай и живи, просторная двухкомнатная квартира",23990000
3,83.6,35.0,22.1,2015,1,3-комн,"Беговая, Комендантский проспект, Черная речка",11,"современный монолитный дом, просторная кухня-гостиная, средний этаж, транспортная доступность на машине, дом сдан, заезжай и живи, трёхкомнатная квартира для большой семьи",24500000
3,128.5,75.0,13.0,1998,1,3-комн,"Удельная, Озерки, Пионерская",5,"кирпичный дом советской постройки, кухня хорошей площади, уютный этаж в тихом доме, в шаговой доступности от метро, дом сдан, заезжай и живи, просторная трёхкомнатная с двумя санузлами",26500000
2,81.0,50.7,7.2,1860,1,3-комн,"Василеостровская, Спортивная, Чкаловская",5,"дореволюционный дом с высокими потолками, небольшая кухня, средний этаж, в шаговой доступности от метро, дом сдан, заезжай и живи, просторная трёхкомнатная с двумя санузлами",23990000
2,93.7,54.0,7.5,2001,1,3-комн,"Приморская, Василеостровская, Спортивная",6,"современный монолитный дом, небольшая кухня, средний этаж, рядом с метро, дом сдан, заезжай и живи, просторная трёхкомнатная с двумя санузлами",23450000
2,37.2,15.8,17.4,2024,1,1-комн,"Звездная, Купчино, Московская",17,"новостройка с современной отделкой, просторная кухня-гостиная, уютный этаж в тихом доме, транспортная доступность на машине, дом сдан, заезжай и живи, однокомнатная с балконом",6990000
2,42.3,18.0,12.6,2014,1,1-комн,"Купчино, Звездная, Шушары",23,"дом 2000-х годов в хорошем состоянии, кухня хорошей площади, уютный этаж в тихом доме, транспортная доступность на машине, дом сдан, заезжай и живи, однокомнатная с балконом",7699000
7,23.4,14.4,4.0,2006,1,Студия,"Электросила, Парк Победы, Московские ворота",4,"современный монолитный дом, небольшая кухня, уютный этаж в тихом доме, в шаговой доступности от метро, дом сдан, заезжай и живи, уютная студия для молодой пары",6800000
8,43.9,26.8,6.3,1976,1,2-комн,"Пионерская, Комендантский проспект, Удельная",6,"дореволюционный дом с высокими потолками, небольшая кухня, средний этаж, рядом с метро, дом сдан, заезжай и живи, двухкомнатная квартира раздельные комнаты",7300000
5,31.5,16.1,8.5,2008,1,1-комн,"Ленинский проспект, Автово, Проспект Ветеранов",7,"улучшенная планировка, небольшая кухня, средний этаж, рядом с метро, дом сдан, заезжай и живи, однокомнатная с балконом",6990000
6,47.4,28.1,7.2,1979,1,2-комн,"Купчино, Дунайская, Звездная",5,"старый фонд требует ремонта, небольшая кухня, средний этаж, в шаговой доступности от метро, дом сдан, заезжай и живи, двухкомнатная квартира раздельные комнаты",7700000
9,46.0,28.8,7.0,1980,1,2-комн,"Ладожская, Проспект Большевиков",8,"кирпичный дом советской постройки, небольшая кухня, средний этаж, рядом с метро, дом сдан, заезжай и живи, двухкомнатная квартира раздельные комнаты",6800000
2,38.5,20.0,10.2,1989,1,1-комн,"Комендантский проспект, Старая Деревня, Пионерская",7,"кирпичный дом советской постройки, кухня хорошей площади, уютный этаж в тихом доме, рядом с метро, дом сдан, заезжай и живи, однокомнатная квартира с хорошим ремонтом",7280000
4,43.5,28.4,5.5,1962,1,2-комн,"Академическая, Площадь Мужества, Гражданский проспект",11,"старый фонд требует ремонта, небольшая кухня, уютный этаж в тихом доме, большая жилая площадь, транспортная доступность на машине, дом сдан, заезжай и живи, двухкомнатная квартира раздельные комнаты",7390000
15,38.9,14.4,12.7,2017,1,1-комн,"Ленинский проспект, Автово, Проспект Ветеранов",9,"современный монолитный дом, кухня хорошей площади, высокий этаж с видом на город, рядом с метро, дом сдан, заезжай и живи, светлая однушка",7400000
4,34.4,19.3,7.2,1988,1,1-комн,"Проспект Славы, Международная, Дунайская",5,"панельный дом хрущёвской эпохи, небольшая кухня, средний этаж, в шаговой доступности от метро, дом сдан, заезжай и живи, светлая однушка",6900000
16,29.9,14.6,8.8,2021,1,1-комн,"Комендантский проспект, Старая Деревня, Удельная",8,"новый дом комфорт-класса, небольшая кухня, высокий этаж с видом на город, рядом с метро, дом сдан, заезжай и живи, светлая однушка",6990000
4,36.05,17.1,10.3,2024,1,1-комн,"Шушары, Купчино, Звездная",17,"новостройка бизнес-класса, кухня хорошей площади, уютный этаж в тихом доме, транспортная доступность на машине, дом сдан, заезжай и живи, однокомнатная квартира с хорошим ремонтом",7000000
2,44.7,27.7,6.8,1977,1,2-комн,"Улица Дыбенко, Проспект Большевиков, Ломоносовская",8,"старый фонд требует ремонта, небольшая кухня, уютный этаж в тихом доме, рядом с метро, дом сдан, заезжай и живи, двушка с евроремонтом",7500000
5,62.6,39.0,11.0,2003,1,2-комн,"Ленинский проспект, Проспект Ветеранов, Автово",19,"современный монолитный дом, кухня хорошей площади, средний этаж, транспортная доступность на машине, дом сдан, заезжай и живи, двушка с евроремонтом",7500000
8,37.9,11.9,15.8,2024,1,1-комн,"Озерки, Удельная, Проспект Просвещения",12,"новостройка с современной отделкой, просторная кухня-гостиная, уютный этаж в тихом доме, транспортная доступность на машине, дом сдан, заезжай и живи, однокомнатная с балконом",6900000
12,35.3,15.7,10.9,1970,1,1-комн,"Старая Деревня, Крестовский остров, Комендантский проспект",4,"дореволюционный дом с высокими потолками, кухня хорошей площади, высокий этаж с видом на город, в шаговой доступности от метро, дом сдан, заезжай и живи, однокомнатная с балконом",7600000
18,39.6,15.4,15.7,2013,1,1-комн,"Парнас, Проспект Просвещения, Озерки",7,"современный монолитный дом, просторная кухня-гостиная, высокий этаж с видом на город, рядом с метро, дом сдан, заезжай и живи, однокомнатная квартира с хорошим ремонтом",7190000
2,46.9,28.7,6.5,1962,1,2-комн,"Новочеркасская, Ладожская, Площадь Александра Невского",4,"старый фонд требует ремонта, небольшая кухня, уютный этаж в тихом доме, в шаговой доступности от метро, дом сдан, заезжай и живи, двушка с евроремонтом",7200000
1,38.8,20.0,8.0,1991,1,1-комн,"Беговая, Комендантский проспект, Черная речка",7,"панельный дом хрущёвской эпохи, небольшая кухня, первый этаж без балкона, рядом с метро, дом сдан, заезжай и живи, однокомнатная с балконом",7500000
2,40.3,19.0,11.8,2016,1,1-комн,"Проспект Ветеранов, Ленинский проспект, Автово",11,"современный монолитный дом, кухня хорошей площади, средний этаж, транспортная доступность на машине, дом сдан, заезжай и живи, однокомнатная с балконом",7700000
2,36.6,13.9,13.9,2020,1,1-комн,"Проспект Просвещения, Парнас, Комендантский проспект",10,"новостройка бизнес-класса, кухня хорошей площади, уютный этаж в тихом доме, рядом с метро, дом сдан, заезжай и живи, светлая однушка",7700000
1,32.6,16.0,9.5,2012,1,1-комн,"Московская, Бухарестская, Международная",6,"улучшенная планировка, небольшая кухня, первый этаж без балкона, рядом с метро, дом сдан, заезжай и живи, светлая однушка",7390000
9,33.1,12.1,14.5,2020,1,1-комн,"Комендантский проспект, Старая Деревня, Озерки",8,"новостройка с современной отделкой, кухня хорошей площади, уютный этаж в тихом доме, рядом с метро, дом сдан, заезжай и живи, однокомнатная с балконом",7350000
5,42.7,27.3,5.5,1961,1,2-комн,"Кировский завод, Нарвская, Автово",4,"историческое здание сталинской постройки, небольшая кухня, средний этаж, в шаговой доступности от метро, дом сдан, заезжай и живи, двухкомнатная квартира раздельные комнаты",7200000
3,30.0,17.5,5.7,1963,1,1-комн,"Черная речка, Пионерская, Выборгская",7,"дореволюционный дом с высокими потолками, небольшая кухня, уютный этаж в тихом доме, рядом с метро, дом сдан, заезжай и живи, однокомнатная квартира с хорошим ремонтом",6690000
7,44.0,26.5,6.5,1977,1,2-комн,"Проспект Ветеранов, Ленинский проспект, Автово",8,"историческое здание сталинской постройки, небольшая кухня, уютный этаж в тихом доме, рядом с метро, дом сдан, заезжай и живи, двушка с евроремонтом",6330000
2,51.0,30.2,8.2,2021,1,2-комн,"Купчино, Шушары, Звездная",16,"новостройка с современной отделкой, небольшая кухня, уютный этаж в тихом доме, транспортная доступность на машине, дом сдан, заезжай и живи, двушка с евроремонтом",6550000
4,45.0,30.0,7.5,1968,1,2-комн,"Академическая, Гражданский проспект, Политехническая",6,"дореволюционный дом с высокими потолками, небольшая кухня, уютный этаж в тихом доме, большая жилая площадь, рядом с метро, дом сдан, заезжай и живи, просторная двухкомнатная квартира",6350000
9,30.9,15.4,8.0,1973,1,1-комн,"Пионерская, Комендантский проспект, Старая Деревня",6,"старый фонд требует ремонта, небольшая кухня, средний этаж, рядом с метро, дом сдан, заезжай и живи, светлая однушка",6500000
4,44.1,29.7,7.0,1965,1,2-комн,"Проспект Славы, Международная, Бухарестская",5,"старый фонд требует ремонта, небольшая кухня, уютный этаж в тихом доме, большая жилая площадь, в шаговой доступности от метро, дом сдан, заезжай и живи, просторная двухкомнатная квартира",6590000
4,44.8,30.3,7.1,1965,1,2-комн,"Проспект Славы, Международная, Бухарестская",5,"историческое здание сталинской постройки, небольшая кухня, средний этаж, большая жилая площадь, в шаговой доступности от метро, дом сдан, заезжай и живи, просторная двухкомнатная квартира",6500000
3,29.1,18.2,5.0,2020,1,Студия,"Московская, Ленинский проспект, Звездная",5,"новостройка с современной отделкой, небольшая кухня, уютный этаж в тихом доме, в шаговой доступности от метро, дом сдан, заезжай и живи, уютная студия для молодой пары",6650000
7,35.56,11.3,11.5,2025,1,1-комн,"Проспект Просвещения, Озерки, Парнас",12,"новостройка с современной отделкой, кухня хорошей площади, уютный этаж в тихом доме, транспортная доступность на машине, дом сдан, заезжай и живи, однокомнатная с балконом",6350000
2,34.7,11.0,16.0,2022,1,1-комн,"Комендантский проспект, Старая Деревня, Беговая",7,"новостройка бизнес-класса, просторная кухня-гостиная, уютный этаж в тихом доме, рядом с метро, дом сдан, заезжай и живи, однокомнатная с балконом",6850000
2,44.5,28.7,5.7,1961,1,2-комн,"Лесная, Выборгская, Площадь Ленина",6,"историческое здание сталинской постройки, небольшая кухня, уютный этаж в тихом доме, рядом с метро, дом сдан, заезжай и живи, двушка с евроремонтом",6500000
4,33.0,14.2,8.4,2017,1,1-комн,"Комендантский проспект, Удельная, Озерки",7,"улучшенная планировка, небольшая кухня, средний этаж, рядом с метро, дом сдан, заезжай и живи, однокомнатная квартира с хорошим ремонтом",6750000
1,37.9,20.0,9.0,1970,1,1-комн,"Лесная, Площадь Мужества, Пионерская",4,"историческое здание сталинской постройки, небольшая кухня, первый этаж без балкона, в шаговой доступности от метро, дом сдан, заезжай и живи, светлая однушка",6490000
1,35.6,18.2,8.1,1985,1,1-комн,"Ладожская, Улица Дыбенко, Проспект Большевиков",5,"типовая панельная застройка, небольшая кухня, первый этаж без балкона, в шаговой доступности от метро, дом сдан, заезжай и живи, светлая однушка",6470000
5,33.5,10.0,15.1,2024,0,1-комн,"Звездная, Московская, Купчино",19,"новостройка бизнес-класса, просторная кухня-гостиная, уютный этаж в тихом доме, транспортная доступность на машине, строящийся объект, сдача скоро, светлая однушка",6450000
7,35.1,16.5,11.0,2006,1,1-комн,"Проспект Ветеранов, Ленинский проспект, Автово",9,"улучшенная планировка, кухня хорошей площади, уютный этаж в тихом доме, рядом с метро, дом сдан, заезжай и живи, однокомнатная с балконом",6600000
14,37.0,21.0,8.0,1972,1,1-комн,"Лесная, Площадь Ленина, Академическая",8,"старый фонд требует ремонта, небольшая кухня, высокий этаж с видом на город, рядом с метро, дом сдан, заезжай и живи, однокомнатная квартира с хорошим ремонтом",6420000
19,34.0,12.0,14.0,2021,1,1-комн,"Парнас, Озерки, Проспект Просвещения",8,"новостройка с современной отделкой, кухня хорошей площади, высокий этаж с видом на город, рядом с метро, дом сдан, заезжай и живи, однокомнатная с балконом",6890000
2,41.9,30.0,5.3,1964,1,3-комн,"Московская, Ленинский проспект, Звездная",5,"старый фонд требует ремонта, небольшая кухня, средний этаж, большая жилая площадь, в шаговой доступности от метро, дом сдан, заезжай и живи, просторная трёхкомнатная с двумя санузлами",6450000
5,37.5,10.3,15.3,2024,1,1-комн,"Купчино, Московская, Звездная",20,"новый дом комфорт-класса, просторная кухня-гостиная, уютный этаж в тихом доме, транспортная доступность на машине, дом сдан, заезжай и живи, однокомнатная квартира с хорошим ремонтом",6500000
4,153.7,60.6,48.9,2018,1,3-комн,"Чкаловская, Крестовский остров, Спортивная",19,"улучшенная планировка, просторная кухня-гостиная, средний этаж, транспортная доступность на машине, дом сдан, заезжай и живи, трёхкомнатная квартира для большой семьи",72900000
2,225.0,102.0,20.0,1999,1,5-комн,"Крестовский остров, Чкаловская, Спортивная",5,"панельный дом хрущёвской эпохи, просторная кухня-гостиная, средний этаж, в шаговой доступности от метро, дом сдан, заезжай и живи",91750000
7,313.3,243.7,14.5,1910,1,Многокомнатна,"Петроградская, Чкаловская, Черная речка",9,"старый фонд требует ремонта, кухня хорошей площади, средний этаж, большая жилая площадь, рядом с метро, дом сдан, заезжай и живи",70000000
15,454.5,209.0,43.0,2002,1,Многокомнатна,"Черная речка, Пионерская, Выборгская",4,"современный монолитный дом, просторная кухня-гостиная, высокий этаж с видом на город, в шаговой доступности от метро, дом сдан, заезжай и живи",95000000
6,217.0,100.8,40.0,2012,1,4-комн,"Чкаловская, Спортивная, Петроградская",5,"дом 2000-х годов в хорошем состоянии, просторная кухня-гостиная, уютный этаж в тихом доме, в шаговой доступности от метро, дом сдан, заезжай и живи, четырёхкомнатная квартира премиум класса",91500000
8,153.4,62.3,63.5,2002,1,3-комн,"Чернышевская, Площадь Ленина, Площадь Восстания",7,"улучшенная планировка, просторная кухня-гостиная, средний этаж, рядом с метро, дом сдан, заезжай и живи, просторная трёхкомнатная с двумя санузлами",70000000
10,131.9,58.8,39.9,2018,1,2-комн,"Чкаловская, Крестовский остров, Спортивная",22,"улучшенная планировка, просторная кухня-гостиная, высокий этаж с видом на город, транспортная доступность на машине, дом сдан, заезжай и живи, двушка с евроремонтом",69907000
3,123.86,33.8,41.9,2017,1,3-комн,"Крестовский остров, Чкаловская, Василеостровская",5,"современный монолитный дом, просторная кухня-гостиная, уютный этаж в тихом доме, в шаговой доступности от метро, дом сдан, заезжай и живи, трёхкомнатная квартира для большой семьи",93000000
6,250.0,230.0,13.0,1998,1,3-комн,"Горьковская, Петроградская, Площадь Ленина",3,"кирпичный дом советской постройки, кухня хорошей площади, средний этаж, большая жилая площадь, в шаговой доступности от метро, дом сдан, заезжай и живи, просторная трёхкомнатная с двумя санузлами",100000000
3,203.5,111.0,19.9,2008,1,4-комн,Беговая,30,"дом 2000-х годов в хорошем состоянии, просторная кухня-гостиная, уютный этаж в тихом доме, транспортная доступность на машине, дом сдан, заезжай и живи, многокомнатная квартира тихий центр",75000000
11,134.1,58.8,39.6,2018,1,2-комн,"Чкаловская, Крестовский остров, Спортивная",22,"современный монолитный дом, просторная кухня-гостиная, высокий этаж с видом на город, транспортная доступность на машине, дом сдан, заезжай и живи, просторная двухкомнатная квартира",73755000
7,204.2,65.1,61.0,2007,1,4-комн,"Крестовский остров, Чкаловская, Зенит",4,"дом 2000-х годов в хорошем состоянии, просторная кухня-гостиная, уютный этаж в тихом доме, в шаговой доступности от метро, дом сдан, заезжай и живи, многокомнатная квартира тихий центр",88800000
6,248.7,216.8,20.0,1852,1,Квартир,"Гостиный двор, Невский проспект, Адмиралтейская",7,"историческое здание сталинской постройки, просторная кухня-гостиная, уютный этаж в тихом доме, большая жилая площадь, рядом с метро, дом сдан, заезжай и живи",97000000
3,136.7,58.2,41.4,2007,1,3-комн,"Крестовский остров, Чкаловская, Василеостровская",2,"дом 2000-х годов в хорошем состоянии, просторная кухня-гостиная, средний этаж, в шаговой доступности от метро, дом сдан, заезжай и живи, просторная трёхкомнатная с двумя санузлами",74100000
13,154.0,61.0,36.5,2018,1,3-комн,"Черная речка, Лесная, Выборгская",5,"современный монолитный дом, просторная кухня-гостиная, высокий этаж с видом на город, в шаговой доступности от метро, дом сдан, заезжай и живи, просторная трёхкомнатная с двумя санузлами",83000000
6,179.0,92.6,14.0,2009,1,4-комн,"Чернышевская, Площадь Александра Невского, Площадь Восстания",6,"современный монолитный дом, кухня хорошей площади, средний этаж, рядом с метро, дом сдан, заезжай и живи, большая четырёхкомнатная дизайнерский ремонт",70000000
3,283.0,65.0,80.0,1886,1,4-комн,"Чернышевская, Площадь Восстания, Площадь Ленина",4,"дореволюционный дом с высокими потолками, просторная кухня-гостиная, средний этаж, в шаговой доступности от метро, дом сдан, заезжай и живи, многокомнатная квартира тихий центр",93500000
5,180.0,72.9,65.2,1909,1,3-комн,"Чернышевская, Площадь Восстания, Маяковская",19,"историческое здание сталинской постройки, просторная кухня-гостиная, средний этаж, транспортная доступность на машине, дом сдан, заезжай и живи, трёшка с хорошей планировкой",94000000
7,174.5,59.9,25.0,2007,1,3-комн,"Петроградская, Черная речка, Чкаловская",14,"современный монолитный дом, просторная кухня-гостиная, уютный этаж в тихом доме, транспортная доступность на машине, дом сдан, заезжай и живи, трёшка с хорошей планировкой",84000000
4,153.7,60.6,48.9,2018,1,3-комн,"Чкаловская, Крестовский остров, Спортивная",19,"современный монолитный дом, просторная кухня-гостиная, средний этаж, транспортная доступность на машине, дом сдан, заезжай и живи, просторная трёхкомнатная с двумя санузлами",72900000
3,204.0,141.7,40.6,1849,1,4-комн,"Адмиралтейская, Гостиный двор, Невский проспект",5,"старый фонд требует ремонта, просторная кухня-гостиная, уютный этаж в тихом доме, большая жилая площадь, в шаговой доступности от метро, дом сдан, заезжай и живи, большая четырёхкомнатная дизайнерский ремонт",65280000
6,179.0,92.6,14.0,2009,1,4-комн,"Чернышевская, Площадь Александра Невского, Площадь Восстания",6,"дом 2000-х годов в хорошем состоянии, кухня хорошей площади, уютный этаж в тихом доме, рядом с метро, дом сдан, заезжай и живи, большая четырёхкомнатная дизайнерский ремонт",70000000
7,174.5,59.9,25.0,2007,1,3-комн,"Петроградская, Черная речка, Чкаловская",14,"дом 2000-х годов в хорошем состоянии, просторная кухня-гостиная, средний этаж, транспортная доступность на машине, дом сдан, заезжай и живи, просторная трёхкомнатная с двумя санузлами",84000000
5,110.0,70.1,10.5,1995,1,4-комн,"Петроградская, Чкаловская, Горьковская",5,"панельный дом хрущёвской эпохи, кухня хорошей площади, средний этаж, в шаговой доступности от метро, дом сдан, заезжай и живи, многокомнатная квартира тихий центр",65000000
2,131.6,78.4,15.4,2013,1,3-комн,"Чернышевская, Площадь Восстания, Маяковская",12,"дом 2000-х годов в хорошем состоянии, просторная кухня-гостиная, средний этаж, транспортная доступность на машине, дом сдан, заезжай и живи, трёхкомнатная квартира для большой семьи",70000000
13,154.0,61.0,36.5,2018,1,3-комн,"Черная речка, Лесная, Выборгская",5,"улучшенная планировка, просторная кухня-гостиная, высокий этаж с видом на город, в шаговой доступности от метро, дом сдан, заезжай и живи, трёшка с хорошей планировкой",83000000
2,166.7,92.9,25.8,1887,1,3-комн,"Чернышевская, Площадь Ленина, Площадь Восстания",6,"старый фонд требует ремонта, просторная кухня-гостиная, средний этаж, рядом с метро, дом сдан, заезжай и живи, просторная трёхкомнатная с двумя санузлами",61000000
8,153.4,62.3,63.5,2002,1,3-комн,"Чернышевская, Площадь Ленина, Площадь Восстания",7,"современный монолитный дом, просторная кухня-гостиная, средний этаж, рядом с метро, дом сдан, заезжай и живи, трёхкомнатная квартира для большой семьи",70000000
4,99.6,47.0,36.0,1910,1,3-комн,"Горьковская, Петроградская, Чкаловская",12,"дореволюционный дом с высокими потолками, просторная кухня-гостиная, уютный этаж в тихом доме, транспортная доступность на машине, дом сдан, заезжай и живи, просторная трёхкомнатная с двумя санузлами",63900000
7,169.1,101.3,21.9,2017,1,4-комн,"Новочеркасская, Чернышевская, Ладожская",5,"улучшенная планировка, просторная кухня-гостиная, уютный этаж в тихом доме, в шаговой доступности от метро, дом сдан, заезжай и живи, многокомнатная квартира тихий центр",84550000
7,313.3,243.7,14.5,1910,1,Многокомнатна,"Петроградская, Чкаловская, Черная речка",9,"дореволюционный дом с высокими потолками, кухня хорошей площади, средний этаж, большая жилая площадь, рядом с метро, дом сдан, заезжай и живи",70000000
3,136.7,58.2,41.4,2007,1,3-комн,"Крестовский остров, Чкаловская, Василеостровская",2,"современный монолитный дом, просторная кухня-гостиная, уютный этаж в тихом доме, в шаговой доступности от метро, дом сдан, заезжай и живи, трёшка с хорошей планировкой",74100000
3,203.5,111.0,19.9,2008,1,4-комн,Беговая,30,"современный монолитный дом, просторная кухня-гостиная, уютный этаж в тихом доме, транспортная доступность на машине, дом сдан, заезжай и живи, четырёхкомнатная квартира премиум класса",75000000
5,305.6,157.0,84.7,1910,1,Многокомнатна,"Горьковская, Петроградская, Чкаловская",4,"старый фонд требует ремонта, просторная кухня-гостиная, средний этаж, в шаговой доступности от метро, дом сдан, заезжай и живи",67800000
10,131.9,58.8,39.9,2018,1,2-комн,"Чкаловская, Крестовский остров, Спортивная",22,"современный монолитный дом, просторная кухня-гостиная, высокий этаж с видом на город, транспортная доступность на машине, дом сдан, заезжай и живи, просторная двухкомнатная квартира",69907000
11,134.1,58.8,39.6,2018,1,2-комн,"Чкаловская, Крестовский остров, Спортивная",22,"дом 2000-х годов в хорошем состоянии, просторная кухня-гостиная, высокий этаж с видом на город, транспортная доступность на машине, дом сдан, заезжай и живи, просторная двухкомнатная квартира",73755000
6,217.0,100.8,40.0,2012,1,4-комн,"Чкаловская, Спортивная, Петроградская",5,"современный монолитный дом, просторная кухня-гостиная, средний этаж, в шаговой доступности от метро, дом сдан, заезжай и живи, четырёхкомнатная квартира премиум класса",91500000
7,204.2,65.1,61.0,2007,1,4-комн,"Крестовский остров, Чкаловская, Зенит",4,"современный монолитный дом, просторная кухня-гостиная, средний этаж, в шаговой доступности от метро, дом сдан, заезжай и живи, многокомнатная квартира тихий центр",88800000
1,138.4,71.7,13.3,2022,1,3-комн,"Горный институт, Василеостровская, Спортивная",5,"новостройка с современной отделкой, кухня хорошей площади, первый этаж без балкона, в шаговой доступности от метро, дом сдан, заезжай и живи, трёшка с хорошей планировкой",59990000
14,207.0,90.0,54.0,2019,1,4-комн,"Новочеркасская, Ладожская, Площадь Александра Невского",4,"улучшенная планировка, просторная кухня-гостиная, высокий этаж с видом на город, в шаговой доступности от метро, дом сдан, заезжай и живи, многокомнатная квартира тихий центр",64900000
6,133.0,93.1,7.8,1913,1,4-комн,"Гостиный двор, Невский проспект, Адмиралтейская",4,"старый фонд требует ремонта, небольшая кухня, средний этаж, большая жилая площадь, в шаговой доступности от метро, дом сдан, заезжай и живи, четырёхкомнатная квартира премиум класса",88000000
7,24.4,12.8,3.0,2024,0,Студия,"Парнас, Проспект Просвещения, Озерки",23,"новостройка бизнес-класса, небольшая кухня, средний этаж, транспортная доступность на машине, строящийся объект, сдача скоро, уютная студия для молодой пары",5599263
3,55.9,39.7,5.2,1964,1,Квартир,"Ленинский проспект, Проспект Ветеранов, Автово",23,"дореволюционный дом с высокими потолками, небольшая кухня, средний этаж, большая жилая площадь, транспортная доступность на машине, дом сдан, заезжай и живи",5610000
5,42.3,30.5,5.5,1967,1,3-комн,"Проспект Ветеранов, Ленинский проспект, Автово",5,"старый фонд требует ремонта, небольшая кухня, средний этаж, большая жилая площадь, в шаговой доступности от метро, дом сдан, заезжай и живи, трёхкомнатная квартира для большой семьи",5700000
2,39.46,15.1,10.5,2025,0,1-комн,"Шушары, Дунайская, Обухово",11,"новостройка с современной отделкой, кухня хорошей площади, уютный этаж в тихом доме, транспортная доступность на машине, строящийся объект, сдача скоро, однокомнатная квартира с хорошим ремонтом",5721700
7,44.0,22.1,10.9,2021,1,1-комн,"Шушары, Купчино, Дунайская",16,"новостройка бизнес-класса, кухня хорошей площади, уютный этаж в тихом доме, транспортная доступность на машине, дом сдан, заезжай и живи, однокомнатная с балконом",5535000
1,34.9,15.5,12.0,2015,1,1-комн,"Беговая, Комендантский проспект, Старая Деревня",15,"улучшенная планировка, кухня хорошей площади, первый этаж без балкона, транспортная доступность на машине, дом сдан, заезжай и живи, однокомнатная с балконом",5650000
2,28.5,13.5,5.4,2023,0,Студия,"Купчино, Звездная, Шушары",5,"новый дом комфорт-класса, небольшая кухня, средний этаж, в шаговой доступности от метро, строящийся объект, сдача скоро, уютная студия для молодой пары",5614500
1,34.7,11.4,15.6,2025,0,1-комн,"Академическая, Гражданский проспект, Девяткино",6,"новостройка с современной отделкой, просторная кухня-гостиная, первый этаж без балкона, рядом с метро, строящийся объект, сдача скоро, однокомнатная с балконом",5638750
3,27.0,14.5,3.3,2024,0,Студия,"Парнас, Проспект Просвещения, Озерки",22,"новостройка бизнес-класса, небольшая кухня, средний этаж, транспортная доступность на машине, строящийся объект, сдача скоро, уютная студия для молодой пары",5541571
3,25.6,13.0,3.2,2024,0,Студия,"Парнас, Проспект Просвещения, Озерки",23,"новый дом комфорт-класса, небольшая кухня, уютный этаж в тихом доме, транспортная доступность на машине, строящийся объект, сдача скоро, студия с открытой планировкой",5679309
1,28.0,14.0,9.0,2023,1,1-комн,"Рыбацкое, Обухово, Пролетарская",9,"новостройка бизнес-класса, небольшая кухня, первый этаж без балкона, рядом с метро, дом сдан, заезжай и живи, однокомнатная с балконом",5688333
15,32.0,16.0,8.0,2009,1,1-комн,"Ломоносовская, Обухово, Пролетарская",9,"улучшенная планировка, небольшая кухня, высокий этаж с видом на город, рядом с метро, дом сдан, заезжай и живи, однокомнатная квартира с хорошим ремонтом",5790000
8,40.45,12.4,19.4,2025,0,1-комн,"Купчино, Шушары, Обухово",13,"новостройка бизнес-класса, просторная кухня-гостиная, уютный этаж в тихом доме, транспортная доступность на машине, строящийся объект, сдача скоро, однокомнатная с балконом",5718618
2,27.12,10.6,7.7,2025,0,Студия,"Проспект Ветеранов, Ленинский проспект, Автово",11,"новый дом комфорт-класса, небольшая кухня, средний этаж, транспортная доступность на машине, строящийся объект, сдача скоро, уютная студия для молодой пары",5507873
6,51.9,32.1,8.8,2021,1,2-комн,"Шушары, Купчино, Дунайская",16,"новостройка бизнес-класса, небольшая кухня, уютный этаж в тихом доме, транспортная доступность на машине, дом сдан, заезжай и живи, просторная двухкомнатная квартира",5744000
15,20.96,13.0,3.0,2025,0,Апартаменты-студия,"Ладожская, Новочеркасская, Площадь Александра Невского",4,"новый дом комфорт-класса, небольшая кухня, высокий этаж с видом на город, в шаговой доступности от метро, строящийся объект, сдача скоро, компактная студия евроремонт",5629017
12,36.0,12.6,15.9,2025,0,1-комн,"Академическая, Гражданский проспект, Девяткино",6,"новый дом комфорт-класса, просторная кухня-гостиная, высокий этаж с видом на город, рядом с метро, строящийся объект, сдача скоро, светлая однушка",5716800
2,31.46,13.5,10.4,2024,0,1-комн,"Рыбацкое, Обухово, Пролетарская",18,"новостройка с современной отделкой, кухня хорошей площади, уютный этаж в тихом доме, транспортная доступность на машине, строящийся объект, сдача скоро, светлая однушка",5671735
3,19.78,8.9,5.0,2027,0,Студия,"Улица Дыбенко, Елизаровская, Ломоносовская",6,"новостройка с современной отделкой, небольшая кухня, уютный этаж в тихом доме, рядом с метро, строящийся объект, сдача скоро, студия с открытой планировкой",5597740
9,28.44,14.9,3.2,2024,0,Студия,"Парнас, Проспект Просвещения, Озерки",22,"новостройка с современной отделкой, небольшая кухня, уютный этаж в тихом доме, транспортная доступность на машине, строящийся объект, сдача скоро, компактная студия евроремонт",5636198
2,44.43,13.8,18.5,2026,0,1-комн,"Рыбацкое, Обухово, Пролетарская",18,"новостройка с современной отделкой, просторная кухня-гостиная, уютный этаж в тихом доме, транспортная доступность на машине, строящийся объект, сдача скоро, однокомнатная квартира с хорошим ремонтом",5590431
1,33.9,15.6,6.3,2025,0,1-комн,"Академическая, Гражданский проспект, Девяткино",6,"новостройка бизнес-класса, небольшая кухня, первый этаж без балкона, рядом с метро, строящийся объект, сдача скоро, светлая однушка",5630790
3,28.3,15.7,3.2,2024,0,Студия,"Парнас, Проспект Просвещения, Озерки",22,"новый дом комфорт-класса, небольшая кухня, средний этаж, транспортная доступность на машине, строящийся объект, сдача скоро, уютная студия для молодой пары",5789954
2,37.64,16.4,12.1,2026,0,1-комн,"Рыбацкое, Обухово, Пролетарская",18,"новостройка с современной отделкой, кухня хорошей площади, уютный этаж в тихом доме, транспортная доступность на машине, строящийся объект, сдача скоро, однокомнатная квартира с хорошим ремонтом",5641840
13,24.58,11.0,5.2,2025,0,Студия,"Рыбацкое, Обухово, Пролетарская",5,"новый дом комфорт-класса, небольшая кухня, высокий этаж с видом на город, в шаговой доступности от метро, строящийся объект, сдача скоро, компактная студия евроремонт",5678496
2,35.66,10.4,15.1,2025,0,1-комн,"Елизаровская, Улица Дыбенко, Проспект Большевиков",7,"новостройка с современной отделкой, просторная кухня-гостиная, уютный этаж в тихом доме, рядом с метро, строящийся объект, сдача скоро, светлая однушка",5740814
2,29.2,15.3,6.8,1972,1,1-комн,"Проспект Славы, Дунайская, Купчино",6,"историческое здание сталинской постройки, небольшая кухня, средний этаж, рядом с метро, дом сдан, заезжай и живи, однокомнатная квартира с хорошим ремонтом",5300000
2,35.3,15.0,10.4,2026,0,1-комн,"Рыбацкое, Обухово, Пролетарская",18,"новый дом комфорт-класса, кухня хорошей площади, уютный этаж в тихом доме, транспортная доступность на машине, строящийся объект, сдача скоро, однокомнатная с балконом",5347400
2,21.55,13.6,3.0,2025,0,Апартаменты-студия,"Ладожская, Новочеркасская, Площадь Александра Невского",4,"новостройка бизнес-класса, небольшая кухня, средний этаж, в шаговой доступности от метро, строящийся объект, сдача скоро, студия с открытой планировкой",5325867
8,26.6,12.6,5.0,2023,1,Студия,Академическая,17,"новостройка с современной отделкой, небольшая кухня, средний этаж, транспортная доступность на машине, дом сдан, заезжай и живи, уютная студия для молодой пары",5320000
2,36.7,16.0,10.0,2025,0,1-комн,"Шушары, Дунайская, Обухово",11,"новостройка с современной отделкой, кухня хорошей площади, уютный этаж в тихом доме, транспортная доступность на машине, строящийся объект, сдача скоро, светлая однушка",5321500
2,31.5,13.4,10.4,2024,0,1-комн,"Рыбацкое, Обухово, Пролетарская",18,"новостройка с современной отделкой, кухня хорошей площади, средний этаж, транспортная доступность на машине, строящийся объект, сдача скоро, однокомнатная квартира с хорошим ремонтом",5473660
1,25.85,14.0,5.7,2024,0,Студия,"Шушары, Обухово, Дунайская",17,"новостройка бизнес-класса, небольшая кухня, первый этаж без балкона, транспортная доступность на машине, строящийся объект, сдача скоро, студия с открытой планировкой",5353257
3,25.6,13.0,3.4,2024,0,Студия,"Парнас, Проспект Просвещения, Озерки",24,"новостройка бизнес-класса, небольшая кухня, уютный этаж в тихом доме, транспортная доступность на машине, строящийся объект, сдача скоро, студия с открытой планировкой",5339059
7,23.7,12.3,3.7,2024,0,Студия,"Парнас, Проспект Просвещения, Озерки",22,"новостройка бизнес-класса, небольшая кухня, средний этаж, транспортная доступность на машине, строящийся объект, сдача скоро, уютная студия для молодой пары",5524352
4,22.9,12.1,3.8,2024,0,Студия,"Парнас, Проспект Просвещения, Озерки",23,"новостройка с современной отделкой, небольшая кухня, уютный этаж в тихом доме, транспортная доступность на машине, строящийся объект, сдача скоро, уютная студия для молодой пары",5251039
2,44.43,13.8,18.5,2026,0,1-комн,"Рыбацкое, Обухово, Пролетарская",18,"новый дом комфорт-класса, просторная кухня-гостиная, уютный этаж в тихом доме, транспортная доступность на машине, строящийся объект, сдача скоро, однокомнатная с балконом",5590431
1,24.2,12.9,3.0,2024,0,Студия,"Парнас, Проспект Просвещения, Озерки",24,"новостройка бизнес-класса, небольшая кухня, первый этаж без балкона, транспортная доступность на машине, строящийся объект, сдача скоро, уютная студия для молодой пары",5395342
5,24.7,11.6,3.5,2024,0,Студия,"Парнас, Проспект Просвещения, Озерки",24,"новый дом комфорт-класса, небольшая кухня, уютный этаж в тихом доме, транспортная доступность на машине, строящийся объект, сдача скоро, уютная студия для молодой пары",5335521
2,36.92,12.2,15.7,2026,0,1-комн,"Рыбацкое, Обухово, Пролетарская",18,"новостройка бизнес-класса, просторная кухня-гостиная, уютный этаж в тихом доме, транспортная доступность на машине, строящийся объект, сдача скоро, светлая однушка",5492600
2,27.12,10.6,7.7,2025,0,Студия,"Проспект Ветеранов, Ленинский проспект, Автово",11,"новостройка с современной отделкой, небольшая кухня, уютный этаж в тихом доме, транспортная доступность на машине, строящийся объект, сдача скоро, уютная студия для молодой пары",5507873
9,26.9,14.4,3.3,2024,0,Студия,"Парнас, Проспект Просвещения, Озерки",23,"новостройка с современной отделкой, небольшая кухня, уютный этаж в тихом доме, транспортная доступность на машине, строящийся объект, сдача скоро, уютная студия для молодой пары",5513587
2,33.2,14.3,11.1,2025,0,1-комн,"Елизаровская, Улица Дыбенко, Проспект Большевиков",7,"новый дом комфорт-класса, кухня хорошей площади, средний этаж, рядом с метро, строящийся объект, сдача скоро, однокомнатная с балконом",5502900
5,37.72,15.1,10.5,2025,0,1-комн,"Шушары, Дунайская, Обухово",11,"новостройка с современной отделкой, кухня хорошей площади, средний этаж, транспортная доступность на машине, строящийся объект, сдача скоро, однокомнатная квартира с хорошим ремонтом",5469400
1,29.6,9.9,13.0,2025,0,1-комн,"Академическая, Гражданский проспект, Девяткино",6,"новый дом комфорт-класса, кухня хорошей площади, первый этаж без балкона, рядом с метро, строящийся объект, сдача скоро, однокомнатная с балконом",5407920
7,40.09,11.9,18.4,2026,0,1-комн,"Рыбацкое, Обухово, Пролетарская",19,"новостройка бизнес-класса, просторная кухня-гостиная, уютный этаж в тихом доме, транспортная доступность на машине, строящийся объект, сдача скоро, светлая однушка",5333213
7,23.8,12.0,4.0,2024,0,Студия,"Парнас, Проспект Просвещения, Озерки",23,"новостройка с современной отделкой, небольшая кухня, средний этаж, транспортная доступность на машине, строящийся объект, сдача скоро, уютная студия для молодой пары",5482068
1,26.58,14.9,4.1,2024,0,Студия,"Парнас, Проспект Просвещения, Озерки",22,"новостройка с современной отделкой, небольшая кухня, первый этаж без балкона, транспортная доступность на машине, строящийся объект, сдача скоро, уютная студия для молодой пары",5390873
12,32.7,18.7,7.4,2024,1,1-комн,"Гражданский проспект, Девяткино, Академическая",12,"новостройка бизнес-класса, небольшая кухня, высокий этаж с видом на город, транспортная доступность на машине, дом сдан, заезжай и живи, однокомнатная квартира с хорошим ремонтом",5250000
3,22.55,9.2,5.5,2024,0,Студия,"Шушары, Обухово, Дунайская",17,"новый дом комфорт-класса, небольшая кухня, уютный этаж в тихом доме, транспортная доступность на машине, строящийся объект, сдача скоро, уютная студия для молодой пары",5445803
2,35.59,12.2,14.7,2026,0,1-комн,"Рыбацкое, Обухово, Пролетарская",18,"новый дом комфорт-класса, кухня хорошей площади, уютный этаж в тихом доме, транспортная доступность на машине, строящийся объект, сдача скоро, светлая однушка",5322040
8,22.64,10.0,5.6,2026,0,Студия,"Рыбацкое, Обухово, Пролетарская",4,"новостройка с современной отделкой, небольшая кухня, уютный этаж в тихом доме, в шаговой доступности от метро, строящийся объект, сдача скоро, студия с открытой планировкой",5338037
7,24.51,12.3,4.7,2024,0,Студия,"Шушары, Обухово, Дунайская",17,"новостройка с современной отделкой, небольшая кухня, уютный этаж в тихом доме, транспортная доступность на машине, строящийся объект, сдача скоро, студия с открытой планировкой",5311853
9,28.9,17.0,5.5,1972,1,1-комн,"Проспект Славы, Международная, Дунайская",6,"старый фонд требует ремонта, небольшая кухня, средний этаж, рядом с метро, дом сдан, заезжай и живи, однокомнатная с балконом",5700000
4,112.8,90.0,17.0,1903,1,4-комн,"Чернышевская, Маяковская, Площадь Восстания",7,"историческое здание сталинской постройки, просторная кухня-гостиная, средний этаж, большая жилая площадь, рядом с метро, дом сдан, заезжай и живи, многокомнатная квартира тихий центр",29500000
9,66.92,32.3,18.6,2024,0,2-комн,Приморская,11,"новостройка с современной отделкой, просторная кухня-гостиная, средний этаж, транспортная доступность на машине, строящийся объект, сдача скоро, двухкомнатная квартира раздельные комнаты",16067492
6,205.0,79.0,65.0,2018,1,4-комн,"Крестовский остров, Чкаловская, Спортивная",5,"улучшенная планировка, просторная кухня-гостиная, средний этаж, в шаговой доступности от метро, дом сдан, заезжай и живи, четырёхкомнатная квартира премиум класса",265000000
4,135.0,30.0,53.5,2018,1,4-комн,"Чернышевская, Площадь Ленина, Горьковская",18,"современный монолитный дом, просторная кухня-гостиная, уютный этаж в тихом доме, транспортная доступность на машине, дом сдан, заезжай и живи, большая четырёхкомнатная дизайнерский ремонт",165000000
4,44.8,17.2,16.3,2024,1,1-комн,"Площадь Ленина, Чернышевская, Новочеркасская",6,"новостройка с современной отделкой, просторная кухня-гостиная, уютный этаж в тихом доме, рядом с метро, дом сдан, заезжай и живи, однокомнатная с балконом",15060000
8,51.8,16.3,21.3,2024,1,1-комн,"Крестовский остров, Спортивная, Чкаловская",2,"новый дом комфорт-класса, просторная кухня-гостиная, средний этаж, в шаговой доступности от метро, дом сдан, заезжай и живи, однокомнатная квартира с хорошим ремонтом",26941180
3,49.05,27.4,10.1,2018,1,2-комн,"Ленинский проспект, Проспект Ветеранов, Автово",16,"улучшенная планировка, кухня хорошей площади, уютный этаж в тихом доме, транспортная доступность на машине, дом сдан, заезжай и живи, двухкомнатная квартира раздельные комнаты",7490000
2,32.4,9.3,15.9,2025,0,1-комн,"Волковская, Обводный канал, Бухарестская",7,"новостройка с современной отделкой, просторная кухня-гостиная, уютный этаж в тихом доме, рядом с метро, строящийся объект, сдача скоро, однокомнатная с балконом",10006837
6,192.0,80.0,75.1,2011,1,4-комн,"Крестовский остров, Чкаловская, Спортивная",6,"дом 2000-х годов в хорошем состоянии, просторная кухня-гостиная, средний этаж, рядом с метро, дом сдан, заезжай и живи, многокомнатная квартира тихий центр",243000000
1,78.8,46.1,11.9,1940,1,3-комн,"Новочеркасская, Площадь Александра Невского, Ладожская",4,"старый фонд требует ремонта, кухня хорошей площади, первый этаж без балкона, в шаговой доступности от метро, дом сдан, заезжай и живи, просторная трёхкомнатная с двумя санузлами",15900000
8,35.79,10.9,17.1,2027,0,1-комн,"Горный институт, Приморская, Василеостровская",5,"новый дом комфорт-класса, просторная кухня-гостиная, средний этаж, в шаговой доступности от метро, строящийся объект, сдача скоро, однокомнатная квартира с хорошим ремонтом",11560170
12,41.5,16.3,11.8,2011,1,1-комн,"Ленинский проспект, Автово, Проспект Ветеранов",10,"современный монолитный дом, кухня хорошей площади, высокий этаж с видом на город, рядом с метро, дом сдан, заезжай и живи, однокомнатная с балконом",5850000
3,95.2,38.0,30.0,1934,1,3-комн,"Лесная, Выборгская, Площадь Ленина",3,"историческое здание сталинской постройки, просторная кухня-гостиная, средний этаж, в шаговой доступности от метро, дом сдан, заезжай и живи, трёхкомнатная квартира для большой семьи",22500000
3,47.8,22.5,15.3,2025,0,2-комн,"Волковская, Обводный канал, Бухарестская",7,"новостройка бизнес-класса, просторная кухня-гостиная, уютный этаж в тихом доме, рядом с метро, строящийся объект, сдача скоро, двушка с евроремонтом",14118590
2,170.3,92.3,20.2,2012,1,3-комн,"Крестовский остров, Чкаловская, Спортивная",4,"дом 2000-х годов в хорошем состоянии, просторная кухня-гостиная, уютный этаж в тихом доме, в шаговой доступности от метро, дом сдан, заезжай и живи, трёхкомнатная квартира для большой семьи",185000000
1,29.8,16.0,5.0,1962,1,1-комн,"Купчино, Звездная, Шушары",25,"дореволюционный дом с высокими потолками, небольшая кухня, первый этаж без балкона, транспортная доступность на машине, дом сдан, заезжай и живи, светлая однушка",4499000
2,91.75,38.0,28.1,2024,1,3-комн,"Новочеркасская, Площадь Александра Невского, Ладожская",4,"новый дом комфорт-класса, просторная кухня-гостиная, средний этаж, в шаговой доступности от метро, дом сдан, заезжай и живи, просторная трёхкомнатная с двумя санузлами",30195000
4,40.2,17.4,11.1,2023,1,1-комн,"Крестовский остров, Спортивная, Зенит",6,"новостройка с современной отделкой, кухня хорошей площади, уютный этаж в тихом доме, рядом с метро, дом сдан, заезжай и живи, однокомнатная с балконом",18492000
7,49.76,23.8,15.7,2024,0,2-комн,"Чкаловская, Спортивная, Крестовский остров",3,"новостройка с современной отделкой, просторная кухня-гостиная, средний этаж, в шаговой доступности от метро, строящийся объект, сдача скоро, двухкомнатная квартира раздельные комнаты",21371920
2,58.2,31.8,14.0,2023,1,2-комн,"Крестовский остров, Спортивная, Зенит",6,"новый дом комфорт-класса, кухня хорошей площади, уютный этаж в тихом доме, рядом с метро, дом сдан, заезжай и живи, двушка с евроремонтом",27237600
5,36.62,15.1,11.1,2024,1,1-комн,"Приморская, Василеостровская, Петроградская",15,"новостройка бизнес-класса, кухня хорошей площади, уютный этаж в тихом доме, транспортная доступность на машине, дом сдан, заезжай и живи, однокомнатная квартира с хорошим ремонтом",9200000
5,62.7,12.4,29.0,2014,1,2-комн,"Приморская, Спортивная, Василеостровская",16,"улучшенная планировка, просторная кухня-гостиная, средний этаж, транспортная доступность на машине, дом сдан, заезжай и живи, просторная двухкомнатная квартира",16929000
4,38.1,22.9,7.5,1967,1,1-комн,"Купчино, Звездная, Шушары",24,"историческое здание сталинской постройки, небольшая кухня, средний этаж, транспортная доступность на машине, дом сдан, заезжай и живи, светлая однушка",4900000
5,55.0,34.1,8.1,1958,1,2-комн,"Елизаровская, Ломоносовская, Площадь Александра Невского",5,"дореволюционный дом с высокими потолками, небольшая кухня, уютный этаж в тихом доме, в шаговой доступности от метро, дом сдан, заезжай и живи, просторная двухкомнатная квартира",10990000
3,81.7,28.7,25.4,2022,1,2-комн,"Нарвская, Автово, Проспект Ветеранов",18,"новостройка с современной отделкой, просторная кухня-гостиная, средний этаж, транспортная доступность на машине, дом сдан, заезжай и живи, двухкомнатная квартира раздельные комнаты",19828434
7,36.79,13.1,10.7,2022,1,1-комн,"Комендантский проспект, Беговая, Старая Деревня",9,"новостройка с современной отделкой, кухня хорошей площади, уютный этаж в тихом доме, рядом с метро, дом сдан, заезжай и живи, светлая однушка",10794186
6,205.0,79.0,65.0,2018,1,4-комн,"Крестовский остров, Чкаловская, Спортивная",5,"современный монолитный дом, просторная кухня-гостиная, средний этаж, в шаговой доступности от метро, дом сдан, заезжай и живи, многокомнатная квартира тихий центр",265000000
1,50.0,32.0,10.0,1925,1,1-комн,"Фрунзенская, Московские ворота, Балтийская",4,"дореволюционный дом с высокими потолками, кухня хорошей площади, первый этаж без балкона, в шаговой доступности от метро, дом сдан, заезжай и живи, однокомнатная с балконом",8700000
3,94.1,52.7,12.3,1917,1,3-комн,"Василеостровская, Спортивная",3,"старый фонд требует ремонта, кухня хорошей площади, средний этаж, в шаговой доступности от метро, дом сдан, заезжай и живи, трёхкомнатная квартира для большой семьи",17000000
11,38.2,10.0,17.0,2023,1,1-комн,"Приморская, Василеостровская, Крестовский остров",9,"новый дом комфорт-класса, просторная кухня-гостиная, высокий этаж с видом на город, рядом с метро, дом сдан, заезжай и живи, однокомнатная квартира с хорошим ремонтом",13580000
2,76.3,32.4,20.2,2025,0,3-комн,"Обводный канал, Фрунзенская, Звенигородская",6,"новостройка с современной отделкой, просторная кухня-гостиная, средний этаж, рядом с метро, строящийся объект, сдача скоро, просторная трёхкомнатная с двумя санузлами",19843426
2,140.0,51.0,34.7,2022,1,3-комн,"Пушкинская, Московские ворота, Технологический институт",4,"новый дом комфорт-класса, просторная кухня-гостиная, средний этаж, в шаговой доступности от метро, дом сдан, заезжай и живи, трёшка с хорошей планировкой",49000000
9,30.8,10.0,13.0,2022,1,1-комн,"Комендантский проспект, Старая Деревня, Пионерская",9,"новостройка с современной отделкой, кухня хорошей площади, средний этаж, рядом с метро, дом сдан, заезжай и живи, однокомнатная с балконом",7500000
2,59.2,27.9,18.3,2026,0,2-комн,"Ладожская, Новочеркасская, Чернышевская",4,"новый дом комфорт-класса, просторная кухня-гостиная, уютный этаж в тихом доме, в шаговой доступности от метро, строящийся объект, сдача скоро, двушка с евроремонтом",16102400
2,49.9,13.1,24.3,2022,1,1-комн,"Автово, Ленинский проспект, Нарвская",16,"новостройка бизнес-класса, просторная кухня-гостиная, средний этаж, транспортная доступность на машине, дом сдан, заезжай и живи, однокомнатная с балконом",10764891
5,80.0,52.0,10.1,1939,1,3-комн,"Елизаровская, Ломоносовская, Пролетарская",6,"старый фонд требует ремонта, кухня хорошей площади, средний этаж, большая жилая площадь, рядом с метро, дом сдан, заезжай и живи, просторная трёхкомнатная с двумя санузлами",13400000
5,46.5,19.0,11.0,2006,1,1-комн,"Улица Дыбенко, Проспект Большевиков, Ломоносовская",8,"улучшенная планировка, кухня хорошей площади, уютный этаж в тихом доме, рядом с метро, дом сдан, заезжай и живи, однокомнатная квартира с хорошим ремонтом",8200000
3,175.6,99.6,25.4,2017,1,3-комн,"Чкаловская, Крестовский остров, Спортивная",22,"современный монолитный дом, просторная кухня-гостиная, уютный этаж в тихом доме, транспортная доступность на машине, дом сдан, заезжай и живи, трёхкомнатная квартира для большой семьи",116000000
5,73.5,15.8,32.8,2022,1,1-комн,"Площадь Мужества, Политехническая, Пионерская",5,"новостройка с современной отделкой, просторная кухня-гостиная, уютный этаж в тихом доме, в шаговой доступности от метро, дом сдан, заезжай и живи, однокомнатная с балконом",30000000
2,54.71,19.6,30.1,2025,0,1-комн,"Площадь Александра Невского, Ладожская, Чернышевская",6,"новостройка бизнес-класса, просторная кухня-гостиная, уютный этаж в тихом доме, рядом с метро, строящийся объект, сдача скоро, светлая однушка",23525300
12,116.0,81.3,12.0,2018,1,3-комн,"Приморская, Василеостровская, Спортивная",6,"современный монолитный дом, кухня хорошей площади, высокий этаж с видом на город, большая жилая площадь, рядом с метро, дом сдан, заезжай и живи, просторная трёхкомнатная с двумя санузлами",26450000
2,170.3,92.3,20.2,2012,1,3-комн,"Крестовский остров, Чкаловская, Спортивная",4,"дом 2000-х годов в хорошем состоянии, просторная кухня-гостиная, уютный этаж в тихом доме, в шаговой доступности от метро, дом сдан, заезжай и живи, трёшка с хорошей планировкой",185000000
2,40.07,12.0,18.8,2025,0,1-комн,"Пионерская, Лесная, Старая Деревня",5,"новостройка с современной отделкой, просторная кухня-гостиная, уютный этаж в тихом доме, в шаговой доступности от метро, строящийся объект, сдача скоро, однокомнатная с балконом",15627300
6,61.01,31.4,13.7,2022,1,2-комн,"Комендантский проспект, Старая Деревня, Пионерская",9,"новый дом комфорт-класса, кухня хорошей площади, уютный этаж в тихом доме, рядом с метро, дом сдан, заезжай и живи, двухкомнатная квартира раздельные комнаты",15319611
11,69.5,28.7,18.8,2024,1,3-комн,"Спортивная, Горьковская, Выборгская",25,"новостройка бизнес-класса, просторная кухня-гостиная, высокий этаж с видом на город, транспортная доступность на машине, дом сдан, заезжай и живи, просторная трёхкомнатная с двумя санузлами",15550000
17,103.8,57.1,14.4,2010,1,3-комн,"Проспект Просвещения, Озерки, Парнас",6,"улучшенная планировка, кухня хорошей площади, высокий этаж с видом на город, рядом с метро, дом сдан, заезжай и живи, трёшка с хорошей планировкой",27950000
5,22.6,9.7,5.9,2025,0,Студия,"Обводный канал, Фрунзенская, Звенигородская",6,"новостройка с современной отделкой, небольшая кухня, уютный этаж в тихом доме, рядом с метро, строящийся объект, сдача скоро, студия с открытой планировкой",7525256
2,37.6,12.6,13.5,2023,1,1-комн,"Удельная, Комендантский проспект, Озерки",7,"новостройка бизнес-класса, кухня хорошей площади, средний этаж, рядом с метро, дом сдан, заезжай и живи, однокомнатная квартира с хорошим ремонтом",8435472
1,71.4,35.7,14.9,2019,1,2-комн,"Спортивная, Крестовский остров, Василеостровская",4,"дом 2000-х годов в хорошем состоянии, кухня хорошей площади, первый этаж без балкона, в шаговой доступности от метро, дом сдан, заезжай и живи, двухкомнатная квартира раздельные комнаты",26418000
2,97.7,45.8,23.8,2025,0,3-комн,"Площадь Александра Невского, Площадь Восстания, Маяковская",14,"новый дом комфорт-класса, просторная кухня-гостиная, средний этаж, транспортная доступность на машине, строящийся объект, сдача скоро, просторная трёхкомнатная с двумя санузлами",40177531
2,58.78,29.8,14.2,2025,0,2-комн,"Василеостровская, Спортивная, Чкаловская",5,"новый дом комфорт-класса, кухня хорошей площади, уютный этаж в тихом доме, в шаговой доступности от метро, строящийся объект, сдача скоро, двушка с евроремонтом",22201386
1,35.85,16.5,10.0,2026,0,1-комн,"Беговая, Комендантский проспект, Старая Деревня",11,"новостройка с современной отделкой, кухня хорошей площади, первый этаж без балкона, транспортная доступность на машине, строящийся объект, сдача скоро, однокомнатная квартира с хорошим ремонтом",6994335
5,31.98,10.1,15.0,2026,0,1-комн,"Московская, Звездная, Шушары",14,"новостройка с современной отделкой, просторная кухня-гостиная, уютный этаж в тихом доме, транспортная доступность на машине, строящийся объект, сдача скоро, светлая однушка",6800099
